project_id,deployment_id,longitude,latitude,start_date,end_date,bait_type,bait_description,feature_type,feature_type_methodology,camera_id,camera_name,quiet_period,camera_functioning,sensor_height,height_other,sensor_orientation,orientation_other,plot_treatment,plot_treatment_description,detection_distance,subproject_name,subproject_design,event_name,event_description,event_type,recorded_by,fuzzed,deployment_fuzzed
2008890,bfbed423-a137-4492-968e-28a453ab9cc2,99.2,13.4,2024-05-15 00:00:00,2024-10-19 00:00:00,None,,Water source,,2127934,DTL_81,0,Camera Functioning,Knee height,,Parallel,,,,16,,,,,,,true,false
2008890,4b7fad97-66c9-4249-9929-36cf99fa868e,99.2,13.4,2023-08-18 00:00:00,2023-10-21 00:00:00,None,,Water source,,2129518,DTL_80_test,0,Camera Functioning,Chest height,,Parallel,,,,16,,,,,,,true,false
2004312,c7c22309-e830-4ac1-ad23-4bf2fb0ac214,100.9,14.7,2011-02-10 00:00:00,2011-03-16 00:00:00,None,,None,,2014808,20,0,Camera Functioning,Knee height,,Parallel,None,,Mixed Deciduous Forest,0,Huai Kha Khaeng Wildlife Sanctuary,,,,,None,true,false
2004312,666c07c4-602b-4c8f-b795-af6b65d86c23,100.9,14.7,2011-02-10 00:00:00,2011-03-16 00:00:00,None,,None,,2014807,25,0,Camera Functioning,Knee height,,Parallel,None,,Mixed Deciduous Forest,0,Huai Kha Khaeng Wildlife Sanctuary,,,,,None,true,false
2004312,5794dbe5-7945-4b4b-a05b-1cd0f2e8c056,100.9,14.7,2011-02-13 00:00:00,2011-03-15 00:00:00,None,,None,,2014887,11,0,Camera Functioning,Knee height,,Parallel,None,,Dry Dipterocarp Forest,999,Huai Kha Khaeng Wildlife Sanctuary,,,,,None,true,false
2004312,HKK68_d18657,99.34123,15.60001,2011-01-03 00:00:00,2011-02-07 00:00:00,None,,None,,2014887,11,0,Camera Functioning,Knee height,,Parallel,None,,Dry Dipterocarp Forest,999,Huai Kha Khaeng Wildlife Sanctuary,,,,,None,false,false
2004312,b4015ca6-a744-4ceb-8ec4-9b286ce4c91b,100.9,14.7,2011-03-22 00:00:00,2011-04-20 00:00:00,None,,None,,2014887,11,0,Camera Functioning,Knee height,,Parallel,None,None,None,999,Huai Kha Khaeng Wildlife Sanctuary,,,,,None,true,false
2004312,eba6d09a-22bf-418e-b7bb-8fed255998c9,100.9,14.7,2010-11-10 00:00:00,2010-12-06 00:00:00,None,,None,,2014887,11,0,Camera Functioning,Knee height,,Parallel,None,None,None,999,Huai Kha Khaeng Wildlife Sanctuary,,,,,None,true,false
2004312,DY11_d16493,102.51561,14.15586,2012-02-29 00:00:00,2012-03-23 00:00:00,None,,None,,2014887,11,0,Camera Functioning,Knee height,,Parallel,None,None,None,999,Don Yai Wildlife Sanctuary,,,,,None,false,false
2004312,TP63_d16655,102.5459,14.0819,2011-12-18 00:00:00,2012-01-16 00:00:00,None,,None,,2014887,11,0,Camera Functioning,Knee height,,Parallel,None,None,None,999,Ta Phraya National Park,,,,,None,false,false
2004312,7360bbed-f6c1-490c-929c-6d2f03906927,100.9,14.7,2010-12-12 00:00:00,2011-01-13 00:00:00,None,,None,,2014887,11,0,Camera Functioning,Knee height,,Parallel,None,,Dry Evergreen Forest,999,Huai Kha Khaeng Wildlife Sanctuary,,,,,None,true,false
2004312,4ded3395-8018-4347-881f-b3161de9ed0d,100.9,14.7,2011-03-21 00:00:00,2011-04-19 00:00:00,None,,None,,2014867,17,0,Camera Functioning,Knee height,,Parallel,None,None,None,999,Huai Kha Khaeng Wildlife Sanctuary,,,,,None,true,false
2004312,HKK15_d16748,99.33991,15.58002,2010-11-07 00:00:00,2010-12-05 00:00:00,None,,None,,2014867,17,0,Camera Functioning,Knee height,,Parallel,None,None,None,999,Huai Kha Khaeng Wildlife Sanctuary,,,,,None,false,false
2004312,a0773a97-210b-4882-8972-0d5e0c1d2abe,100.9,14.7,2010-01-13 00:00:00,2010-02-11 00:00:00,None,,None,,2014867,17,0,Camera Functioning,Knee height,,Parallel,None,None,None,999,Ta Phraya National Park,,,,,None,true,false
2004312,2fe01d3b-c562-4546-b4ef-1fa3cf61f9e1,100.9,14.7,2010-12-10 00:00:00,2011-01-14 00:00:00,None,,None,,2014867,17,0,Camera Functioning,Knee height,,Parallel,None,None,None,999,Huai Kha Khaeng Wildlife Sanctuary,,,,,None,true,false
2004312,5d7e1d58-9720-42ce-8e92-15dde92625dd,100.9,14.7,2012-02-28 00:00:00,2012-03-24 00:00:00,None,,None,,2014883,16,0,Camera Functioning,Knee height,,Parallel,None,None,None,999,Don Yai Wildlife Sanctuary,,,,,None,true,false
2004312,TP72_d16664,102.56296,14.10906,2011-12-19 00:00:00,2011-12-19 00:00:00,None,,None,,2014883,16,0,Camera Functioning,Knee height,,Parallel,None,None,None,999,Ta Phraya National Park,,,,,None,false,false
2004312,TP44_d16610,102.8263,14.21433,2009-12-08 00:00:00,2010-01-05 00:00:00,None,,None,,2014883,16,0,Camera Functioning,Knee height,,Parallel,None,None,None,999,Ta Phraya National Park,,,,,None,false,false
2004312,6787fff5-5c3e-4c98-90fa-7293173ad541,100.9,14.7,2010-12-12 00:00:00,2011-01-14 00:00:00,None,,None,,2014883,16,0,Camera Functioning,Knee height,,Parallel,None,,Mixed Deciduous Forest,999,Huai Kha Khaeng Wildlife Sanctuary,,,,,None,true,false
2004312,HKK28_d16761,99.28599,15.46153,2010-11-10 00:00:00,2010-11-24 00:00:00,None,,None,,2014883,16,0,Camera Functioning,Knee height,,Parallel,None,None,None,999,Huai Kha Khaeng Wildlife Sanctuary,,,,,None,false,false
2004312,5c33fb3b-a9ea-4db3-b06a-87fef318ac05,100.9,14.7,2011-03-22 00:00:00,2011-04-20 00:00:00,None,,None,,2014849,19,0,Camera Functioning,Knee height,,Parallel,None,None,None,999,Huai Kha Khaeng Wildlife Sanctuary,,,,,None,true,false
2004312,DY19_d16502,102.55414,14.17618,2012-03-01 00:00:00,2012-03-25 00:00:00,None,,None,,2014849,19,0,Camera Functioning,Knee height,,Parallel,None,None,None,999,Don Yai Wildlife Sanctuary,,,,,None,false,false
2004312,f4f3774e-9a73-468c-a17a-83e4841d2af0,100.9,14.7,2012-01-17 00:00:00,2012-02-16 00:00:00,None,,None,,2014849,19,0,Camera Functioning,Knee height,,Parallel,None,None,None,999,Ta Phraya National Park,,,,,None,true,false
2004312,4cd00562-245b-40dd-9be8-954d65f94810,100.9,14.7,2011-12-19 00:00:00,2012-01-16 00:00:00,None,,None,,2014849,19,0,Camera Functioning,Knee height,,Parallel,None,None,None,999,Ta Phraya National Park,,,,,None,true,false
2004312,TP49_d16615,102.84251,14.16858,2010-01-13 00:00:00,2010-01-27 00:00:00,None,,None,,2014849,19,0,Camera Functioning,Knee height,,Parallel,None,None,None,999,Ta Phraya National Park,,,,,None,false,false
2004312,TP43_d16609,102.81563,14.24617,2009-12-12 00:00:00,2009-12-29 00:00:00,None,,None,,2014849,19,0,Camera Functioning,Knee height,,Parallel,None,None,None,999,Ta Phraya National Park,,,,,None,false,false
2004312,4f81f963-fcec-4c95-8202-22da15022b3c,100.9,14.7,2010-12-10 00:00:00,2011-01-14 00:00:00,None,,None,,2014849,19,0,Camera Functioning,Knee height,,Parallel,None,,Mixed Deciduous Forest,999,Huai Kha Khaeng Wildlife Sanctuary,,,,,None,true,false
2004312,2f4bdac1-bf38-44ca-8ed6-3f4949eb7f3e,100.9,14.7,2011-02-13 00:00:00,2011-03-16 00:00:00,None,,None,,2014802,18,0,Camera Functioning,Knee height,,Parallel,None,,Mixed Deciduous Forest,999,Huai Kha Khaeng Wildlife Sanctuary,,,,,None,true,false
2004312,HKK3_d16736,99.29388,15.53444,2010-10-14 00:00:00,2010-11-21 00:00:00,None,,None,,2014802,18,0,Camera Functioning,Knee height,,Parallel,None,None,None,999,Huai Kha Khaeng Wildlife Sanctuary,,,,,None,false,false
2004312,TP51_d16643,102.83072,14.2657,2009-12-07 00:00:00,2009-12-30 00:00:00,None,,None,,2014802,18,0,Camera Functioning,Knee height,,Parallel,None,None,None,999,Ta Phraya National Park,,,,,None,false,false
2004312,2903c580-34df-46e6-86aa-617656029b5d,100.9,14.7,2010-12-11 00:00:00,2011-01-14 00:00:00,None,,None,,2014802,18,0,Camera Functioning,Knee height,,Parallel,None,None,None,999,Huai Kha Khaeng Wildlife Sanctuary,,,,,None,true,false
2004312,b1cc1e8e-672b-4d21-b675-fde7528073be,100.9,14.7,2011-02-13 00:00:00,2011-03-15 00:00:00,None,,None,,2014804,15,0,Camera Functioning,Knee height,,Parallel,None,,Mixed Deciduous Forest,999,Huai Kha Khaeng Wildlife Sanctuary,,,,,None,true,false
2004312,0447b73c-a107-4d8c-a1cd-f3d632ca5abf,100.9,14.7,2011-03-21 00:00:00,2011-04-19 00:00:00,None,,None,,2014804,15,0,Camera Functioning,Knee height,,Parallel,None,None,None,999,Huai Kha Khaeng Wildlife Sanctuary,,,,,None,true,false
2004312,803c2032-a7c8-41bd-9137-e3c27f5ac09b,100.9,14.7,2012-02-29 00:00:00,2012-03-24 00:00:00,None,,None,,2014804,15,0,Camera Functioning,Knee height,,Parallel,None,None,None,999,Don Yai Wildlife Sanctuary,,,,,None,true,false
2004312,TP69_d16661,102.58172,14.10025,2011-12-19 00:00:00,2012-01-18 00:00:00,None,,None,,2014804,15,0,Camera Functioning,Knee height,,Parallel,None,None,None,999,Ta Phraya National Park,,,,,None,false,false
2004312,TP53_d16645,102.85427,14.22354,2010-01-12 00:00:00,2010-02-08 00:00:00,None,,None,,2014804,15,0,Camera Functioning,Knee height,,Parallel,None,None,None,999,Ta Phraya National Park,,,,,None,false,false
2004312,36518401-07ee-405f-a0f0-d1378d80d4d1,100.9,14.7,2010-12-11 00:00:00,2011-01-14 00:00:00,None,,None,,2014804,15,0,Camera Functioning,Knee height,,Parallel,None,None,None,999,Huai Kha Khaeng Wildlife Sanctuary,,,,,None,true,false
2004312,1f4c7913-8c3b-43fa-b70a-0b100dc21ae8,100.9,14.7,2011-03-22 00:00:00,2011-04-20 00:00:00,None,,None,,2014808,20,0,Camera Functioning,Knee height,,Parallel,None,None,None,999,Huai Kha Khaeng Wildlife Sanctuary,,,,,None,true,false
2004312,8acabcb5-f2c1-4ec0-8d1a-cab98bc31799,100.9,14.7,2010-11-08 00:00:00,2010-12-06 00:00:00,None,,None,,2014808,20,0,Camera Functioning,Knee height,,Parallel,None,None,None,999,Huai Kha Khaeng Wildlife Sanctuary,,,,,None,true,false
2004312,faee9f92-fe1e-46c7-85ce-1f91851154e9,100.9,14.7,2012-03-01 00:00:00,2012-03-25 00:00:00,None,,None,,2014808,20,0,Camera Functioning,Knee height,,Parallel,None,None,None,999,Don Yai Wildlife Sanctuary,,,,,None,true,false
2004312,5fb4dbdd-0cce-4548-9721-5833d665abb1,100.9,14.7,2012-01-16 00:00:00,2012-02-17 00:00:00,None,,None,,2014808,20,0,Camera Functioning,Knee height,,Parallel,None,None,None,999,Ta Phraya National Park,,,,,None,true,false
2004312,5324977a-1621-4bb2-bdab-97ac38d348c4,100.9,14.7,2010-12-11 00:00:00,2011-01-13 00:00:00,None,,None,,2014808,20,0,Camera Functioning,Knee height,,Parallel,None,,Mixed Deciduous Forest,999,Huai Kha Khaeng Wildlife Sanctuary,,,,,None,true,false
2004312,TP20_d16526,102.66647,14.08887,2009-11-03 00:00:00,2009-11-25 00:00:00,None,,None,,2014808,20,0,Camera Functioning,Knee height,,Parallel,None,None,None,999,Ta Phraya National Park,,,,,None,false,false
2004312,5a112ce1-40c4-4314-be2b-2b946c27795c,100.9,14.7,2010-12-11 00:00:00,2011-01-12 00:00:00,None,,None,,2014858,14,0,Camera Functioning,Knee height,,Parallel,None,,Dry Dipterocarp Forest,999,Huai Kha Khaeng Wildlife Sanctuary,,,,,None,true,false
2004312,430be2a2-48f0-45ac-80da-b7e4b399f45b,100.9,14.7,2011-01-03 00:00:00,2011-02-07 00:00:00,None,,None,,2014858,14,0,Camera Functioning,Knee height,,Parallel,None,,Dry Evergreen Forest,999,Huai Kha Khaeng Wildlife Sanctuary,,,,,None,true,false
2004312,9235b863-07a8-44c7-9359-6b94d8c9fd70,100.9,14.7,2011-03-22 00:00:00,2011-04-04 00:00:00,None,,None,,2014858,14,0,Camera Functioning,Knee height,,Parallel,None,None,None,999,Huai Kha Khaeng Wildlife Sanctuary,,,,,None,true,false
2004312,HKK100_d20628,99.1699,15.20906,2011-02-10 00:00:00,2011-02-10 00:00:00,None,,None,,2014858,14,0,Camera Functioning,Knee height,,Parallel,None,None,None,999,Huai Kha Khaeng Wildlife Sanctuary,,,,,None,false,false
2004312,05375ad8-acff-4d1d-a1f7-8bc1038d12b1,100.9,14.7,2012-02-21 00:00:00,2012-04-10 00:00:00,None,,None,,2014858,14,0,Camera Functioning,Knee height,,Parallel,None,None,None,999,Don Yai Wildlife Sanctuary,,,,,None,true,false
2004312,dda41782-d008-4fc2-b4b5-0b2b16197ba1,100.9,14.7,2012-01-17 00:00:00,2012-02-16 00:00:00,None,,None,,2014858,14,0,Camera Functioning,Knee height,,Parallel,None,None,None,999,Ta Phraya National Park,,,,,None,true,false
2004312,73830282-d6ef-43cb-9e8b-1fbd1a32f114,100.9,14.7,2011-12-18 00:00:00,2012-01-16 00:00:00,None,,None,,2014858,14,0,Camera Functioning,Knee height,,Parallel,None,None,None,999,Ta Phraya National Park,,,,,None,true,false
2004312,442c4b7a-f9d4-4625-8bc0-7a2cd404f50c,100.9,14.7,2009-10-28 00:00:00,2009-11-29 00:00:00,None,,None,,2014858,14,0,Camera Functioning,Knee height,,Parallel,None,None,None,999,Ta Phraya National Park,,,,,None,true,false
2004312,743246e4-6e01-40d5-bdd7-7096312ff72e,100.9,14.7,2011-03-22 00:00:00,2011-04-19 00:00:00,None,,None,,2014846,12,0,Camera Functioning,Knee height,,Parallel,None,None,None,999,Huai Kha Khaeng Wildlife Sanctuary,,,,,None,true,false
2004312,45ca3cd3-18a7-4ad0-89cf-afc6caaf6328,100.9,14.7,2010-11-21 00:00:00,2010-12-06 00:00:00,None,,None,,2014846,12,0,Camera Functioning,Knee height,,Parallel,None,None,None,999,Huai Kha Khaeng Wildlife Sanctuary,,,,,None,true,false
2004312,d951fad6-c7b3-4b2b-993c-c587d16ad220,100.9,14.7,2010-12-11 00:00:00,2011-01-11 00:00:00,None,,None,,2014846,12,0,Camera Functioning,Knee height,,Parallel,None,,Mixed Deciduous Forest,999,Huai Kha Khaeng Wildlife Sanctuary,,,,,None,true,false
2004312,03e71971-a921-434a-80ba-13135e358187,100.9,14.7,2010-11-07 00:00:00,2010-12-06 00:00:00,None,,None,,2014880,21,0,Camera Functioning,Knee height,,Parallel,None,None,None,999,Huai Kha Khaeng Wildlife Sanctuary,,,,,None,true,false
2004312,728c276e-2d1b-4044-bc8e-11f92d976e00,100.9,14.7,2010-11-09 00:00:00,2010-12-07 00:00:00,None,,None,,2014880,21,0,Camera Functioning,Knee height,,Parallel,None,None,None,999,Huai Kha Khaeng Wildlife Sanctuary,,,,,None,true,false
2004312,ae6d650b-2ee2-4fc7-911d-5ff4b324d304,100.9,14.7,2012-03-01 00:00:00,2012-03-25 00:00:00,None,,None,,2014880,21,0,Camera Functioning,Knee height,,Parallel,None,None,None,999,Don Yai Wildlife Sanctuary,,,,,None,true,false
2004312,TP33_d16539,102.74302,14.15908,2009-12-07 00:00:00,2009-12-28 00:00:00,None,,None,,2014880,21,0,Camera Functioning,Knee height,,Parallel,None,None,None,999,Ta Phraya National Park,,,,,None,false,false
2004312,7140f069-503f-481c-9a8a-9fcc74d95ec8,100.9,14.7,2010-12-11 00:00:00,2011-01-14 00:00:00,None,,None,,2014880,21,0,Camera Functioning,Knee height,,Parallel,None,None,None,999,Huai Kha Khaeng Wildlife Sanctuary,,,,,None,true,false
2004312,TP18_d16524,102.65158,14.13937,2009-11-01 00:00:00,2009-11-12 00:00:00,None,,None,,2014880,21,0,Camera Functioning,Knee height,,Parallel,None,None,None,999,Ta Phraya National Park,,,,,None,false,false
2004312,a21714d6-5647-458b-bd2a-6a78b9488a01,100.9,14.7,2010-12-11 00:00:00,2011-01-12 00:00:00,None,,None,,2014869,8,0,Camera Functioning,Knee height,,Parallel,None,,Dry Dipterocarp Forest,999,Huai Kha Khaeng Wildlife Sanctuary,,,,,None,true,false
2004312,4abd66e8-c08a-484d-9588-825e5bedeb62,100.9,14.7,2011-03-21 00:00:00,2011-04-19 00:00:00,None,,None,,2014869,8,0,Camera Functioning,Knee height,,Parallel,None,None,None,999,Huai Kha Khaeng Wildlife Sanctuary,,,,,None,true,false
2004312,TP70_d16662,102.58195,14.10978,2011-12-22 00:00:00,2012-01-18 00:00:00,None,,None,,2014869,8,0,Camera Functioning,Knee height,,Parallel,None,None,None,999,Ta Phraya National Park,,,,,None,false,false
2004312,TP55_d16647,102.87119,14.20078,2010-01-30 00:00:00,2010-02-10 00:00:00,None,,None,,2014869,8,0,Camera Functioning,Knee height,,Parallel,None,None,None,999,Ta Phraya National Park,,,,,None,false,false
2004312,c26a0795-0794-43ec-baad-dfabc71ca06c,100.9,14.7,2011-01-31 00:00:00,2011-02-07 00:00:00,None,,None,,2014882,3,0,Camera Functioning,Knee height,,Parallel,None,,Mixed Deciduous Forest,999,Huai Kha Khaeng Wildlife Sanctuary,,,,,,true,false
2004312,1c49324a-6d22-4f44-a7ec-cb1f7e3e87c2,100.9,14.7,2011-03-22 00:00:00,2011-04-20 00:00:00,None,,None,,2014882,3,0,Camera Functioning,Knee height,,Parallel,None,None,None,999,Huai Kha Khaeng Wildlife Sanctuary,,,,,None,true,false
2004312,258a3805-79bc-46c8-a035-99fe250f056c,100.9,14.7,2010-11-10 00:00:00,2010-12-06 00:00:00,None,,None,,2014882,3,0,Camera Functioning,Knee height,,Parallel,None,None,None,999,Huai Kha Khaeng Wildlife Sanctuary,,,,,None,true,false
2004312,cb3ebf6d-511f-4ae0-b929-ef6781cded6a,100.9,14.7,2012-02-21 00:00:00,2012-03-16 00:00:00,None,,None,,2014882,3,0,Camera Functioning,Knee height,,Parallel,None,None,None,999,Don Yai Wildlife Sanctuary,,,,,None,true,false
2004312,TP96_d16688,102.6152,14.11365,2012-01-16 00:00:00,2012-02-01 00:00:00,None,,None,,2014882,3,0,Camera Functioning,Knee height,,Parallel,None,None,None,999,Ta Phraya National Park,,,,,None,false,false
2004312,9b903c6a-0e87-469e-8208-f2fc82eb3c14,100.9,14.7,2011-12-19 00:00:00,2012-01-16 00:00:00,None,,None,,2014882,3,0,Camera Functioning,Knee height,,Parallel,None,None,None,999,Ta Phraya National Park,,,,,None,true,false
2004312,fa36b79e-898f-4fd8-9d95-e4a6122ba350,100.9,14.7,2010-01-12 00:00:00,2010-01-30 00:00:00,None,,None,,2014882,3,0,Camera Functioning,Knee height,,Parallel,None,None,None,999,Ta Phraya National Park,,,,,None,true,false
2004312,TP23_d16529,102.58626,14.06628,2009-10-31 00:00:00,2009-11-29 00:00:00,None,,None,,2014882,3,0,Camera Functioning,Knee height,,Parallel,None,None,None,999,Ta Phraya National Park,,,,,None,false,false
2004312,82ba5bcd-ce21-47db-8bfd-2dc56fe7c10f,100.9,14.7,2011-03-21 00:00:00,2011-04-18 00:00:00,None,,None,,2014900,7,0,Camera Functioning,Knee height,,Parallel,None,None,None,999,Huai Kha Khaeng Wildlife Sanctuary,,,,,None,true,false
2004312,c27ca0cc-ac00-401d-90cb-3fbcfa38b8fe,100.9,14.7,2010-11-09 00:00:00,2010-12-06 00:00:00,None,,None,,2014900,7,0,Camera Functioning,Knee height,,Parallel,None,None,None,999,Huai Kha Khaeng Wildlife Sanctuary,,,,,None,true,false
2004312,TP100_d16692,102.60553,14.12192,2012-01-16 00:00:00,2012-02-16 00:00:00,None,,None,,2014900,7,0,Camera Functioning,Knee height,,Parallel,None,None,None,999,Ta Phraya National Park,,,,,None,false,false
2004312,14d9d952-ac8a-4a21-ad6b-e0a6c0804c25,100.9,14.7,2010-12-12 00:00:00,2011-01-13 00:00:00,None,,None,,2014900,7,0,Camera Functioning,Knee height,,Parallel,None,,Dry Evergreen Forest,999,Huai Kha Khaeng Wildlife Sanctuary,,,,,None,true,false
2004312,HKK63_d18652,99.29938,15.55457,2011-01-31 00:00:00,2011-02-07 00:00:00,None,,None,,2014875,13,0,Camera Functioning,Knee height,,Parallel,None,,Dry Dipterocarp Forest,999,Huai Kha Khaeng Wildlife Sanctuary,,,,,None,false,false
2004312,6fd0ec33-0ed5-4877-aaef-61888af714fd,100.9,14.7,2011-03-21 00:00:00,2011-04-04 00:00:00,None,,None,,2014875,13,0,Camera Functioning,Knee height,,Parallel,None,None,None,999,Huai Kha Khaeng Wildlife Sanctuary,,,,,None,true,false
2004312,c9e0101d-5dd9-4b44-9b11-5cc00876f778,100.9,14.7,2010-11-12 00:00:00,2010-12-06 00:00:00,None,,None,,2014875,13,0,Camera Functioning,Knee height,,Parallel,None,None,None,999,Huai Kha Khaeng Wildlife Sanctuary,,,,,None,true,false
2004312,DY13_d16495,102.51256,14.16542,2012-02-29 00:00:00,2012-03-23 00:00:00,None,,None,,2014875,13,0,Camera Functioning,Knee height,,Parallel,None,None,None,999,Don Yai Wildlife Sanctuary,,,,,None,false,false
2004312,TP73_d16665,102.55532,14.10892,2011-12-19 00:00:00,2012-01-17 00:00:00,None,,None,,2014875,13,0,Camera Functioning,Knee height,,Parallel,None,None,None,999,Ta Phraya National Park,,,,,None,false,false
2004312,62f18a67-dce9-4c09-9ac2-71854aa44ecf,100.9,14.7,2010-12-12 00:00:00,2011-01-13 00:00:00,None,,None,,2014875,13,0,Camera Functioning,Knee height,,Parallel,None,,Dry Evergreen Forest,999,Huai Kha Khaeng Wildlife Sanctuary,,,,,None,true,false
2004312,d2ba41c6-373c-4a26-837d-35ee964d1547,100.9,14.7,2011-02-13 00:00:00,2011-03-11 00:00:00,None,,None,,2014803,4,0,Camera Functioning,Knee height,,Parallel,None,,Dry Dipterocarp Forest,999,Huai Kha Khaeng Wildlife Sanctuary,,,,,None,true,false
2004312,45580b50-3bfb-44e6-87b6-df602deb727d,100.9,14.7,2011-01-31 00:00:00,2011-02-07 00:00:00,None,,None,,2014803,4,0,Camera Functioning,Knee height,,Parallel,None,,Mixed Deciduous Forest,999,Huai Kha Khaeng Wildlife Sanctuary,,,,,None,true,false
2004312,173b3ab1-e49b-4cea-88bc-51dc31d11f9e,100.9,14.7,2011-03-22 00:00:00,2011-04-20 00:00:00,None,,None,,2014803,4,0,Camera Functioning,Knee height,,Parallel,None,None,None,999,Huai Kha Khaeng Wildlife Sanctuary,,,,,None,true,false
2004312,5b5c1013-d41e-4fb3-8da8-18edb0f4e39f,100.9,14.7,2010-11-07 00:00:00,2010-12-05 00:00:00,None,,None,,2014803,4,0,Camera Functioning,Knee height,,Parallel,None,None,None,999,Huai Kha Khaeng Wildlife Sanctuary,,,,,None,true,false
2004312,TP59_d16651,102.66211,14.05003,2009-10-31 00:00:00,2009-11-29 00:00:00,None,,None,,2014803,4,0,Camera Functioning,Knee height,,Parallel,None,None,None,999,Ta Phraya National Park,,,,,None,false,false
2004312,37c6052d-c77b-464a-9f08-ee1508ae889b,100.9,14.7,2010-12-10 00:00:00,2011-01-14 00:00:00,None,,None,,2014803,4,0,Camera Functioning,Knee height,,Parallel,None,None,None,999,Huai Kha Khaeng Wildlife Sanctuary,,,,,None,true,false
2004312,0891284b-4b76-4bc1-9eed-46d58ca81bd0,100.9,14.7,2011-01-30 00:00:00,2011-02-07 00:00:00,None,,None,,2014864,10,0,Camera Functioning,Knee height,,Parallel,None,,Dry Dipterocarp Forest,999,Huai Kha Khaeng Wildlife Sanctuary,,,,,None,true,false
2004312,db5f65f2-9b59-4811-9c4a-bec5e1a47baf,100.9,14.7,2011-03-21 00:00:00,2011-04-03 00:00:00,None,,None,,2014864,10,0,Camera Functioning,Knee height,,Parallel,None,None,None,999,Huai Kha Khaeng Wildlife Sanctuary,,,,,None,true,false
2004312,HKK1_d16734,99.31281,15.6071,2010-10-18 00:00:00,2010-12-06 00:00:00,None,,None,,2014864,10,0,Camera Functioning,Knee height,,Parallel,None,None,None,999,Huai Kha Khaeng Wildlife Sanctuary,,,,,None,false,false
2004312,ba3b60e6-be42-446d-808a-8fe306f455b6,100.9,14.7,2012-01-16 00:00:00,2012-02-16 00:00:00,None,,None,,2014864,10,0,Camera Functioning,Knee height,,Parallel,None,None,None,999,Ta Phraya National Park,,,,,None,true,false
2004312,c3a702f3-a051-4c1a-a3bf-be20ead88337,100.9,14.7,2011-12-19 00:00:00,2012-01-16 00:00:00,None,,None,,2014864,10,0,Camera Functioning,Knee height,,Parallel,None,None,None,999,Ta Phraya National Park,,,,,None,true,false
2004312,cdc86942-4dc3-4fe1-a607-ea81007ab13c,100.9,14.7,2009-12-06 00:00:00,2010-01-01 00:00:00,None,,None,,2014864,10,0,Camera Functioning,Knee height,,Parallel,None,None,None,999,Ta Phraya National Park,,,,,None,true,false
2004312,f7e7f6f9-c56b-4afb-9261-90b05c95c2e2,100.9,14.7,2010-12-11 00:00:00,2011-01-14 00:00:00,None,,None,,2014864,10,0,Camera Functioning,Knee height,,Parallel,None,None,None,999,Huai Kha Khaeng Wildlife Sanctuary,,,,,None,true,false
2004312,de17abad-848d-43e0-b857-04949dba6771,100.9,14.7,2011-02-13 00:00:00,2011-03-15 00:00:00,None,,None,,2014805,5,0,Camera Functioning,Knee height,,Parallel,None,,Mixed Deciduous Forest,999,Huai Kha Khaeng Wildlife Sanctuary,,,,,None,true,false
2004312,be612722-fc7f-4f27-86f5-11a3c6374c49,100.9,14.7,2011-03-22 00:00:00,2011-04-04 00:00:00,None,,None,,2014805,5,0,Camera Functioning,Knee height,,Parallel,None,None,None,999,Huai Kha Khaeng Wildlife Sanctuary,,,,,None,true,false
2004312,2d4bbba2-1ec4-48c6-94eb-e99dd6a953db,100.9,14.7,2010-11-08 00:00:00,2010-11-24 00:00:00,None,,None,,2014805,5,0,Camera Functioning,Knee height,,Parallel,None,None,None,999,Huai Kha Khaeng Wildlife Sanctuary,,,,,None,true,false
2004312,TP32_d16538,102.74207,14.14253,2009-12-07 00:00:00,2010-01-05 00:00:00,None,,None,,2014805,5,0,Camera Functioning,Knee height,,Parallel,None,None,None,999,Ta Phraya National Park,,,,,None,false,false
2004312,ce1e1adc-3097-4749-9f4f-d0821dbb1495,100.9,14.7,2010-12-11 00:00:00,2011-01-13 00:00:00,None,,None,,2014805,5,0,Camera Functioning,Knee height,,Parallel,None,,Dry Dipterocarp Forest,999,Huai Kha Khaeng Wildlife Sanctuary,,,,,None,true,false
2004312,TP22_d16528,102.62478,14.06743,2009-11-01 00:00:00,2009-11-22 00:00:00,None,,None,,2014805,5,0,Camera Functioning,Knee height,,Parallel,None,None,None,999,Ta Phraya National Park,,,,,None,false,false
2004312,e1850fab-87c1-4519-8aab-3c0b17b12fe3,100.9,14.7,2011-03-22 00:00:00,2011-04-20 00:00:00,None,,None,,2014863,9,0,Camera Functioning,Knee height,,Parallel,None,None,None,999,Huai Kha Khaeng Wildlife Sanctuary,,,,,None,true,false
2004312,b7978072-141d-4ecd-97b2-34e28bd794e6,100.9,14.7,2010-11-12 00:00:00,2010-12-05 00:00:00,None,,None,,2014863,9,0,Camera Functioning,Knee height,,Parallel,None,None,None,999,Huai Kha Khaeng Wildlife Sanctuary,,,,,None,true,false
2004312,b51a465f-a37c-4e95-847b-9673448d2ad3,100.9,14.7,2012-03-12 00:00:00,2012-04-20 00:00:00,None,,None,,2014863,9,0,Camera Functioning,Knee height,,Parallel,None,None,None,999,Don Yai Wildlife Sanctuary,,,,,None,true,false
2004312,HKK49_d18636,99.20618,15.61484,2010-12-12 00:00:00,2011-01-13 00:00:00,None,,None,,2014863,9,0,Camera Functioning,Knee height,,Parallel,None,,Mixed Deciduous Forest,999,Huai Kha Khaeng Wildlife Sanctuary,,,,,None,false,false
2004312,17842589-7466-4403-9c3d-52bd99595384,100.9,14.7,2011-01-31 00:00:00,2011-02-07 00:00:00,None,,None,,2014841,23,0,Camera Functioning,Knee height,,Parallel,None,,Mixed Deciduous Forest,999,Huai Kha Khaeng Wildlife Sanctuary,,,,,None,true,false
2004312,8993dce3-d54b-4fc8-9d1d-0f9b91f9ada6,100.9,14.7,2010-12-11 00:00:00,2011-01-13 00:00:00,None,,None,,2014841,23,0,Camera Functioning,Knee height,,Parallel,None,,Mixed Deciduous Forest,999,Huai Kha Khaeng Wildlife Sanctuary,,,,,None,true,false
2004312,8b1eeaf2-cfd3-4bac-a58b-203400ee480b,100.9,14.7,2011-03-21 00:00:00,2011-04-19 00:00:00,None,,None,,2014841,23,0,Camera Functioning,Knee height,,Parallel,None,None,None,999,Huai Kha Khaeng Wildlife Sanctuary,,,,,None,true,false
2004312,f035aaf1-c2dc-4cb3-bbc0-13f5b23bbea2,100.9,14.7,2010-11-09 00:00:00,2010-12-07 00:00:00,None,,None,,2014841,23,0,Camera Functioning,Knee height,,Parallel,None,None,None,999,Huai Kha Khaeng Wildlife Sanctuary,,,,,None,true,false
2004312,TP104_d16696,102.5159,14.12773,2012-01-18 00:00:00,2012-02-15 00:00:00,None,,None,,2014841,23,0,Camera Functioning,Knee height,,Parallel,None,None,None,999,Ta Phraya National Park,,,,,None,false,false
2004312,b301f7c1-aac8-40f1-8d47-323b10d0e82b,100.9,14.7,2011-12-18 00:00:00,2012-01-17 00:00:00,None,,None,,2014841,23,0,Camera Functioning,Knee height,,Parallel,None,None,None,999,Ta Phraya National Park,,,,,None,true,false
2004312,TP42_d16608,102.80738,14.17994,2010-01-13 00:00:00,2010-02-05 00:00:00,None,,None,,2014841,23,0,Camera Functioning,Knee height,,Parallel,None,None,None,999,Ta Phraya National Park,,,,,None,false,false
2004312,TP29_d16535,102.70674,14.15831,2009-12-11 00:00:00,2009-12-30 00:00:00,None,,None,,2014841,23,0,Camera Functioning,Knee height,,Parallel,None,None,None,999,Ta Phraya National Park,,,,,None,false,false
2004312,a643be83-fa3a-4a4b-b425-4003386d2e06,100.9,14.7,2010-11-09 00:00:00,2010-12-07 00:00:00,None,,None,,2014865,6,0,Camera Functioning,Knee height,,Parallel,None,None,None,999,Huai Kha Khaeng Wildlife Sanctuary,,,,,None,true,false
2004312,e11348dd-4044-4387-9b61-70596b6d27af,100.9,14.7,2011-03-22 00:00:00,2011-04-19 00:00:00,None,,None,,2014865,6,0,Camera Functioning,Knee height,,Parallel,None,None,None,999,Huai Kha Khaeng Wildlife Sanctuary,,,,,None,true,false
2004312,TP101_d16693,102.50835,14.12343,2012-01-18 00:00:00,2012-02-13 00:00:00,None,,None,,2014865,6,0,Camera Functioning,Knee height,,Parallel,None,None,None,999,Ta Phraya National Park,,,,,None,false,false
2004312,92b7bb39-38c8-47ba-b35a-a9ee613135c6,100.9,14.7,2011-12-18 00:00:00,2012-01-18 00:00:00,None,,None,,2014865,6,0,Camera Functioning,Knee height,,Parallel,None,None,None,999,Ta Phraya National Park,,,,,None,true,false
2004312,10d1edee-9a48-442b-bb64-d2154989bee5,100.9,14.7,2010-01-13 00:00:00,2010-02-12 00:00:00,None,,None,,2014865,6,0,Camera Functioning,Knee height,,Parallel,None,None,None,999,Ta Phraya National Park,,,,,None,true,false
2004312,9a0d8b1a-7615-413c-a931-a30c4047598e,100.9,14.7,2010-12-11 00:00:00,2011-01-13 00:00:00,None,,None,,2014865,6,0,Camera Functioning,Knee height,,Parallel,None,,Mixed Deciduous Forest,999,Huai Kha Khaeng Wildlife Sanctuary,,,,,None,true,false
2004312,b0106839-da10-4aac-b0e7-3f1d062a65e3,100.9,14.7,2011-03-21 00:00:00,2011-04-19 00:00:00,None,,None,,2014870,2,0,Camera Functioning,Knee height,,Parallel,None,None,None,999,Huai Kha Khaeng Wildlife Sanctuary,,,,,None,true,false
2004312,TP94_d16686,102.65066,14.13338,2012-01-16 00:00:00,2012-02-17 00:00:00,None,,None,,2014870,2,0,Camera Functioning,Knee height,,Parallel,None,None,None,999,Ta Phraya National Park,,,,,None,false,false
2004312,9b7e3595-ed90-4044-a0f9-78547018700e,100.9,14.7,2010-12-10 00:00:00,2011-01-14 00:00:00,None,,None,,2014870,2,0,Camera Functioning,Knee height,,Parallel,None,None,None,999,Huai Kha Khaeng Wildlife Sanctuary,,,,,None,true,false
2004312,5ba9d99d-71b4-4efa-a33d-f7b98fb1dbde,100.9,14.7,2010-11-10 00:00:00,2010-12-06 00:00:00,None,,None,,2014870,2,0,Camera Functioning,Knee height,,Parallel,None,None,None,999,Huai Kha Khaeng Wildlife Sanctuary,,,,,None,true,false
2004312,e8ffe19e-aa40-4a02-80ca-af7ec5b5babb,100.9,14.7,2011-04-04 00:00:00,2011-04-20 00:00:00,None,,None,,2014873,1,0,Camera Functioning,Knee height,,Parallel,None,None,None,999,Huai Kha Khaeng Wildlife Sanctuary,,,,,None,true,false
2004312,HKK27_d16760,99.27483,15.45425,2010-11-10 00:00:00,2010-11-21 00:00:00,None,,None,,2014873,1,0,Camera Functioning,Knee height,,Parallel,None,None,None,999,Huai Kha Khaeng Wildlife Sanctuary,,,,,None,false,false
2004312,71780d19-1e89-4584-bad2-8d8d92ff1db9,100.9,14.7,2011-12-20 00:00:00,2012-01-17 00:00:00,None,,None,,2014873,1,0,Camera Functioning,Knee height,,Parallel,None,None,None,999,Ta Phraya National Park,,,,,None,true,false
2004312,TP41_d16607,102.80876,14.18682,2010-01-28 00:00:00,2010-02-11 00:00:00,None,,None,,2014873,1,0,Camera Functioning,Knee height,,Parallel,None,None,None,999,Ta Phraya National Park,,,,,None,false,false
2004312,179343a8-3cb3-4874-b5a4-d6d93b1cf145,100.9,14.7,2010-12-12 00:00:00,2011-01-14 00:00:00,None,,None,,2014873,1,0,Camera Functioning,Knee height,,Parallel,None,,Mixed Deciduous Forest,999,Huai Kha Khaeng Wildlife Sanctuary,,,,,None,true,false
2004312,TP5_d16511,102.5417,14.11243,2009-11-03 00:00:00,2009-11-29 00:00:00,None,,None,,2014873,1,0,Camera Functioning,Knee height,,Parallel,None,None,None,999,Ta Phraya National Park,,,,,None,false,false
2004312,b55cffa9-294a-45aa-a297-9d00649c2704,100.9,14.7,2010-12-11 00:00:00,2011-01-13 00:00:00,None,,None,,2014850,22,0,Camera Functioning,Knee height,,Parallel,None,,Dry Dipterocarp Forest,999,Huai Kha Khaeng Wildlife Sanctuary,,,,,None,true,false
2004312,HKK119_d20654,99.28034,15.47271,2011-03-22 00:00:00,2011-04-19 00:00:00,None,,None,,2014850,22,0,Camera Functioning,Knee height,,Parallel,None,None,None,999,Huai Kha Khaeng Wildlife Sanctuary,,,,,None,false,false
2004312,d0ce7fce-364d-4ffb-a798-27911ea7dd7f,100.9,14.7,2010-11-08 00:00:00,2010-12-06 00:00:00,None,,None,,2014850,22,0,Camera Functioning,Knee height,,Parallel,None,None,None,999,Huai Kha Khaeng Wildlife Sanctuary,,,,,None,true,false
2004312,4c67a665-e2d9-42c1-a741-1520a3b14dcb,100.9,14.7,2011-12-20 00:00:00,2012-01-17 00:00:00,None,,None,,2014850,22,0,Camera Functioning,Knee height,,Parallel,None,None,None,999,Ta Phraya National Park,,,,,None,true,false
2004312,TP40_d16606,102.7994,14.18726,2010-01-17 00:00:00,2010-02-09 00:00:00,None,,None,,2014850,22,0,Camera Functioning,Knee height,,Parallel,None,None,None,999,Ta Phraya National Park,,,,,None,false,false
2004312,ac035fd8-f573-46c1-b028-699776cfcd56,100.9,14.7,2011-02-13 00:00:00,2011-03-15 00:00:00,None,,None,,2014850,22,0,Camera Functioning,Knee height,,Parallel,None,,Dry Dipterocarp Forest,999,Huai Kha Khaeng Wildlife Sanctuary,,,,,None,true,false
2004312,a26c6cef-a5cb-4c41-982e-4cb52f0e2429,100.9,14.7,2010-12-11 00:00:00,2011-01-13 00:00:00,None,,None,,2014851,24,0,Camera Functioning,Knee height,,Parallel,None,,Mixed Deciduous Forest,999,Huai Kha Khaeng Wildlife Sanctuary,,,,,None,true,false
2004312,bc25a058-4cdb-405c-84bd-626379e02355,100.9,14.7,2011-03-21 00:00:00,2011-04-18 00:00:00,None,,None,,2014851,24,0,Camera Functioning,Knee height,,Parallel,None,None,None,999,Huai Kha Khaeng Wildlife Sanctuary,,,,,None,true,false
2004312,3da14323-1cc6-4d2d-97cc-8095b9b58788,100.9,14.7,2010-11-10 00:00:00,2010-12-07 00:00:00,None,,None,,2014851,24,0,Camera Functioning,Knee height,,Parallel,None,None,None,999,Huai Kha Khaeng Wildlife Sanctuary,,,,,None,true,false
2004312,TP89_d16681,102.56891,14.13919,2011-12-20 00:00:00,2011-12-20 00:00:00,None,,None,,2014851,24,0,Camera Functioning,Knee height,,Parallel,None,None,None,999,Ta Phraya National Park,,,,,None,false,false
2004312,TP26_d16532,102.68807,14.14086,2009-12-06 00:00:00,2010-01-05 00:00:00,None,,None,,2014851,24,0,Camera Functioning,Knee height,,Parallel,None,None,None,999,Ta Phraya National Park,,,,,None,false,false
2004312,b52968cf-d664-4402-b2ae-9738c01ba3b3,100.9,14.7,2011-03-22 00:00:00,2011-04-20 00:00:00,None,,None,,2014807,25,0,Camera Functioning,Knee height,,Parallel,None,None,None,999,Huai Kha Khaeng Wildlife Sanctuary,,,,,None,true,false
2004312,955cb9a0-914d-453a-8512-667fd7816227,100.9,14.7,2010-11-09 00:00:00,2010-12-07 00:00:00,None,,None,,2014807,25,0,Camera Functioning,Knee height,,Parallel,None,None,None,999,Huai Kha Khaeng Wildlife Sanctuary,,,,,None,true,false
2004312,204323ec-7004-49b1-b6db-216c993f3c06,100.9,14.7,2010-12-11 00:00:00,2011-01-14 00:00:00,None,,None,,2014807,25,0,Camera Functioning,Knee height,,Parallel,None,,Mixed Deciduous Forest,999,Huai Kha Khaeng Wildlife Sanctuary,,,,,None,true,false
2004312,HKK69_d18658,99.35203,15.61329,2011-01-30 00:00:00,2011-02-07 00:00:00,None,,None,,2014852,27,0,Camera Functioning,Knee height,,Parallel,None,,Mixed Deciduous Forest,999,Huai Kha Khaeng Wildlife Sanctuary,,,,,None,false,false
2004312,HHK107_d20641,99.32259,15.5564,2011-03-21 00:00:00,2011-03-21 00:00:00,None,,None,,2014852,27,0,Camera Functioning,Knee height,,Parallel,None,None,None,999,Huai Kha Khaeng Wildlife Sanctuary,,,,,None,false,false
2004312,DY18_d16501,102.54367,14.17041,2012-03-01 00:00:00,2012-03-23 00:00:00,None,,None,,2014852,27,0,Camera Functioning,Knee height,,Parallel,None,None,None,999,Don Yai Wildlife Sanctuary,,,,,None,false,false
2004312,TP66_d16658,102.5632,14.09145,2011-12-18 00:00:00,2012-01-03 00:00:00,None,,None,,2014852,27,0,Camera Functioning,Knee height,,Parallel,None,None,None,999,Ta Phraya National Park,,,,,None,false,false
2004312,ce117e06-68df-4b45-95c3-1e445848e301,100.9,14.7,2010-12-10 00:00:00,2011-01-14 00:00:00,None,,None,,2014852,27,0,Camera Functioning,Knee height,,Parallel,None,None,None,999,Huai Kha Khaeng Wildlife Sanctuary,,,,,None,true,false
2004312,HKK6_d16739,99.32128,15.55295,2010-11-11 00:00:00,2010-11-27 00:00:00,None,,None,,2014806,29,0,Camera Functioning,Knee height,,Parallel,None,None,None,999,Huai Kha Khaeng Wildlife Sanctuary,,,,,None,false,false
2004312,TP57_d16649,102.87256,14.20617,2010-01-12 00:00:00,2010-02-12 00:00:00,None,,None,,2014806,29,0,Camera Functioning,Knee height,,Parallel,None,None,None,999,Ta Phraya National Park,,,,,None,false,false
2004312,71c2d729-2821-49d5-ba38-bcae9247a0c6,100.9,14.7,2009-12-06 00:00:00,2009-12-21 00:00:00,None,,None,,2014806,29,0,Camera Functioning,Knee height,,Parallel,None,None,None,999,Ta Phraya National Park,,,,,None,true,false
2004312,48f3ef1e-cd3c-4c38-9c3a-36a208f4f6e5,100.9,14.7,2010-12-11 00:00:00,2011-01-13 00:00:00,None,,None,,2014877,30,0,Camera Functioning,Knee height,,Parallel,None,,Dry Dipterocarp Forest,999,Huai Kha Khaeng Wildlife Sanctuary,,,,,None,true,false
2004312,HKK106_d20640,99.29486,15.5512,2011-03-21 00:00:00,2011-04-08 00:00:00,None,,None,,2014877,30,0,Camera Functioning,Knee height,,Parallel,None,None,None,999,Huai Kha Khaeng Wildlife Sanctuary,,,,,None,false,false
2004312,613af2b4-969e-4ffc-b6a2-79bde2dc28f4,100.9,14.7,2012-03-01 00:00:00,2012-03-22 00:00:00,None,,None,,2014877,30,0,Camera Functioning,Knee height,,Parallel,None,None,None,999,Don Yai Wildlife Sanctuary,,,,,None,true,false
2004312,a53d3501-c780-49e7-9f64-0741483478ed,100.9,14.7,2011-03-22 00:00:00,2011-04-19 00:00:00,None,,None,,2014848,31,0,Camera Functioning,Knee height,,Parallel,None,None,None,999,Huai Kha Khaeng Wildlife Sanctuary,,,,,None,true,false
2004312,2c455d07-f287-49b1-8809-36a52c8719e8,100.9,14.7,2012-03-02 00:00:00,2012-03-23 00:00:00,None,,None,,2014848,31,0,Camera Functioning,Knee height,,Parallel,None,None,None,999,Don Yai Wildlife Sanctuary,,,,,None,true,false
2004312,TP103_d16695,102.51848,14.12135,2012-01-18 00:00:00,2012-02-14 00:00:00,None,,None,,2014848,31,0,Camera Functioning,Knee height,,Parallel,None,None,None,999,Ta Phraya National Park,,,,,None,false,false
2004312,fec6e352-3f0d-41d1-b594-4700bbdd6939,100.9,14.7,2011-12-18 00:00:00,2012-01-17 00:00:00,None,,None,,2014848,31,0,Camera Functioning,Knee height,,Parallel,None,None,None,999,Ta Phraya National Park,,,,,None,true,false
2004312,0321c865-412a-490c-a78a-219e3aed81f6,100.9,14.7,2010-12-12 00:00:00,2011-01-13 00:00:00,None,,None,,2014848,31,0,Camera Functioning,Knee height,,Parallel,None,,Dry Evergreen Forest,999,Huai Kha Khaeng Wildlife Sanctuary,,,,,None,true,false
2004312,1b0a77ef-e04f-4e4f-b27b-c8b8ee8e680d,100.9,14.7,2011-02-13 00:00:00,2011-03-16 00:00:00,None,,None,,2014859,33,0,Camera Functioning,Knee height,,Parallel,None,,Mixed Deciduous Forest,999,Huai Kha Khaeng Wildlife Sanctuary,,,,,None,true,false
2004312,22c33e0d-5c82-439c-aebb-6c1a599827ee,100.9,14.7,2011-03-22 00:00:00,2011-04-19 00:00:00,None,,None,,2014859,33,0,Camera Functioning,Knee height,,Parallel,None,None,None,999,Huai Kha Khaeng Wildlife Sanctuary,,,,,None,true,false
2004312,a9eae090-65e1-490b-8ce9-cd58829ebc3a,100.9,14.7,2011-12-20 00:00:00,2012-01-17 00:00:00,None,,None,,2014859,33,0,Camera Functioning,Knee height,,Parallel,None,None,None,999,Ta Phraya National Park,,,,,None,true,false
2004312,HKK37_d16780,99.2745,15.65649,2010-12-11 00:00:00,2011-01-14 00:00:00,None,,None,,2014859,33,0,Camera Functioning,Knee height,,Parallel,None,None,None,999,Huai Kha Khaeng Wildlife Sanctuary,,,,,None,false,false
2004312,DY1_d16483,102.47569,14.13844,2012-03-14 00:00:00,2012-04-21 00:00:00,None,,None,,2014859,33,0,Camera Functioning,Knee height,,Parallel,None,None,None,0,Don Yai Wildlife Sanctuary,,,,,None,false,false
2004312,cb1e22ee-3706-4f4c-9da0-254513d81557,100.9,14.7,2011-03-21 00:00:00,2011-04-18 00:00:00,None,,None,,2014885,32,0,Camera Functioning,Knee height,,Parallel,None,None,None,999,Huai Kha Khaeng Wildlife Sanctuary,,,,,None,true,false
2004312,165c438e-cca6-4427-885a-b949cb520c3c,100.9,14.7,2010-11-07 00:00:00,2010-12-05 00:00:00,None,,None,,2014885,32,0,Camera Functioning,Knee height,,Parallel,None,None,None,999,Huai Kha Khaeng Wildlife Sanctuary,,,,,None,true,false
2004312,DY9_d16491,102.47536,14.15611,2012-03-13 00:00:00,2012-04-20 00:00:00,None,,None,,2014885,32,0,Camera Functioning,Knee height,,Parallel,None,None,None,999,Don Yai Wildlife Sanctuary,,,,,None,false,false
2004312,TP93_d16685,102.65833,14.14927,2012-01-16 00:00:00,2012-02-17 00:00:00,None,,None,,2014885,32,0,Camera Functioning,Knee height,,Parallel,None,None,None,999,Ta Phraya National Park,,,,,None,false,false
2004312,TP78_d16670,102.65133,14.14972,2011-12-18 00:00:00,2012-01-16 00:00:00,None,,None,,2014885,32,0,Camera Functioning,Knee height,,Parallel,None,None,None,999,Ta Phraya National Park,,,,,None,false,false
2004312,810b4478-79d1-4e62-8d23-363a32ed97cd,100.9,14.7,2010-12-12 00:00:00,2011-01-14 00:00:00,None,,None,,2014885,32,0,Camera Functioning,Knee height,,Parallel,None,,Mixed Deciduous Forest,999,Huai Kha Khaeng Wildlife Sanctuary,,,,,None,true,false
2004312,5c590f17-00bf-40cb-8efd-a85097aa3ac1,100.9,14.7,2011-03-22 00:00:00,2011-04-20 00:00:00,None,,None,,2014895,26,0,Camera Functioning,Knee height,,Parallel,None,None,None,999,Huai Kha Khaeng Wildlife Sanctuary,,,,,None,true,false
2004312,TP75_d16667,102.51754,14.09983,2011-12-18 00:00:00,2012-01-18 00:00:00,None,,None,,2014895,26,0,Camera Functioning,Knee height,,Parallel,None,None,None,999,Ta Phraya National Park,,,,,None,false,false
2004312,2787ca9d-b232-4355-9337-3ddbdea069de,100.9,14.7,2010-01-13 00:00:00,2010-02-02 00:00:00,None,,None,,2014895,26,0,Camera Functioning,Knee height,,Parallel,None,None,None,999,Ta Phraya National Park,,,,,None,true,false
2004312,TP17_d16523,102.64191,14.12162,2009-11-03 00:00:00,2009-11-29 00:00:00,None,,None,,2014895,26,0,Camera Functioning,Knee height,,Parallel,None,None,None,999,Ta Phraya National Park,,,,,None,false,false
2004312,f0cc23f5-8936-4b32-8d5d-75e02dcba866,100.9,14.7,2010-12-10 00:00:00,2011-01-14 00:00:00,None,,None,,2014895,26,0,Camera Functioning,Knee height,,Parallel,None,None,None,999,Huai Kha Khaeng Wildlife Sanctuary,,,,,None,true,false
2004312,00ccde6e-159b-4df1-a10c-645fb48fe312,100.9,14.7,2010-11-08 00:00:00,2010-12-06 00:00:00,None,,None,,2014895,26,0,Camera Functioning,Knee height,,Parallel,None,None,None,999,Huai Kha Khaeng Wildlife Sanctuary,,,,,None,true,false
2004312,f2f2df71-f6d7-424f-bae8-7ac54335a224,100.9,14.7,2009-12-06 00:00:00,2010-01-06 00:00:00,None,,None,,2014895,26,0,Camera Functioning,Knee height,,Parallel,None,None,None,999,Ta Phraya National Park,,,,,None,true,false
2004312,8db99bcb-c869-4e7d-a889-629f72659ddb,100.9,14.7,2012-03-15 00:00:00,2012-04-21 00:00:00,None,,None,,2014895,26,0,Unknown Failure,Knee height,,Parallel,None,None,None,999,Don Yai Wildlife Sanctuary,,,,,None,true,false
2004312,4596e94e-61bd-400b-ae65-af87282589f8,100.9,14.7,2011-02-13 00:00:00,2011-03-16 00:00:00,None,,None,,2049091,-,0,Camera Functioning,Knee height,,Parallel,None,,Mixed Deciduous Forest,999,Huai Kha Khaeng Wildlife Sanctuary,,,,,None,true,false
2004312,064d6f2c-fae7-4061-bb5b-400d4d7b3bc2,100.9,14.7,2011-02-13 00:00:00,2011-03-15 00:00:00,None,,None,,2014865,6,0,Camera Functioning,Knee height,,Parallel,None,,Dry Dipterocarp Forest,0,Huai Kha Khaeng Wildlife Sanctuary,,,,,None,true,false
2004312,a5cf6e22-b1f0-459b-a48b-3b2f6625d975,100.9,14.7,2012-03-14 00:00:00,2012-04-21 00:00:00,None,,None,,2014864,10,0,Camera Functioning,Knee height,,Parallel,None,None,None,999,Don Yai Wildlife Sanctuary,,,,,None,true,false
2004312,TP9_d16515,102.55914,14.11249,2009-11-14 00:00:00,2009-11-29 00:00:00,None,,None,,2014852,27,0,Camera Functioning,Knee height,,Parallel,None,None,None,999,Ta Phraya National Park,,,,,None,false,false
2004312,69adf511-4de2-4975-a8e1-82f8a89929c3,100.9,14.7,2011-02-10 00:00:00,2011-03-16 00:00:00,None,,None,,2014864,10,0,Camera Functioning,Knee height,,Parallel,None,,Mixed Deciduous Forest,0,Huai Kha Khaeng Wildlife Sanctuary,,,,,None,true,false
2004312,TP2_d16508,102.53013,14.11163,2009-11-18 00:00:00,2009-12-17 00:00:00,None,,None,,2014900,7,0,Camera Functioning,Knee height,,Parallel,None,None,None,999,Ta Phraya National Park,,,,,None,false,false
2004312,30dfa1ad-9eb7-4f13-9d4b-625d001bd6f6,100.9,14.7,2012-03-13 00:00:00,2012-04-20 00:00:00,None,,None,,2014841,23,0,Camera Functioning,Knee height,,Parallel,None,None,None,999,Don Yai Wildlife Sanctuary,,,,,None,true,false
2004312,c9662fa0-a97c-41d4-98ef-0d020abfa3c2,100.9,14.7,2011-02-13 00:00:00,2011-03-16 00:00:00,None,,None,,2014869,8,0,Camera Functioning,Knee height,,Parallel,None,,Dry Dipterocarp Forest,0,Huai Kha Khaeng Wildlife Sanctuary,,,,,None,true,false
2004312,8fcbdea6-9470-48b0-bfcd-ddadefa5d2ff,100.9,14.7,2009-11-02 00:00:00,2009-11-29 00:00:00,None,,None,,2014804,15,0,Camera Functioning,Knee height,,Parallel,None,None,None,999,Ta Phraya National Park,,,,,None,true,false
2004312,cab3b546-6a1e-4b5d-965d-6a4d4151f6b0,100.9,14.7,2009-11-18 00:00:00,2009-12-14 00:00:00,None,,None,,2014887,11,0,Camera Functioning,Knee height,,Parallel,None,None,None,999,Ta Phraya National Park,,,,,None,true,false
2004312,c837674b-4663-48a2-a57f-37f36a384467,100.9,14.7,2011-02-10 00:00:00,2011-03-16 00:00:00,None,,None,,2014882,3,0,Camera Functioning,Knee height,,Parallel,None,,Mixed Deciduous Forest,0,Huai Kha Khaeng Wildlife Sanctuary,,,,,None,true,false
2004312,TP4_d16510,102.54184,14.12949,2009-11-16 00:00:00,2009-12-13 00:00:00,None,,None,,2014863,9,0,Camera Functioning,Knee height,,Parallel,None,None,None,999,Ta Phraya National Park,,,,,None,false,false
2004312,DY6_d16488,102.46648,14.17362,2012-03-13 00:00:00,2012-04-20 00:00:00,None,,None,,2014865,6,0,Camera Functioning,Knee height,,Parallel,None,None,None,999,Don Yai Wildlife Sanctuary,,,,,None,false,false
2004312,f2f41916-0749-455b-9c0a-827a521cf43e,100.9,14.7,2009-11-03 00:00:00,2009-11-25 00:00:00,None,,None,,2014850,22,0,Camera Functioning,Knee height,,Parallel,None,None,None,999,Ta Phraya National Park,,,,,None,true,false
2004312,TP58_d16650,102.87348,14.16958,2010-01-12 00:00:00,2010-01-28 00:00:00,None,,None,,2014851,24,0,Camera Functioning,Knee height,,Parallel,None,None,None,999,Ta Phraya National Park,,,,,None,false,false
2004312,TP67_d16659,102.56355,14.10064,2011-12-18 00:00:00,2012-01-11 00:00:00,None,,None,,2014863,9,0,Camera Functioning,Knee height,,Parallel,None,None,None,999,Ta Phraya National Park,,,,,None,false,false
2004312,HKK91_d20610,99.23896,15.22006,2011-02-13 00:00:00,2011-03-15 00:00:00,None,,None,,2014873,1,0,Camera Functioning,Knee height,,Parallel,None,,Dry Dipterocarp Forest,0,Huai Kha Khaeng Wildlife Sanctuary,,,,,None,false,false
2004312,TP11_d16517,102.5869,14.11194,2009-11-02 00:00:00,2009-11-28 00:00:00,None,,None,,2014849,19,0,Camera Functioning,Knee height,,Parallel,None,None,None,999,Ta Phraya National Park,,,,,None,false,false
2004312,TP34_d16540,102.74417,14.17884,2009-12-06 00:00:00,2010-01-03 00:00:00,None,,None,,2014804,15,0,Camera Functioning,Knee height,,Parallel,None,None,None,999,Ta Phraya National Park,,,,,None,false,false
2004312,HKK86_d20604,99.21414,15.2397,2011-02-13 00:00:00,2011-03-06 00:00:00,None,,None,,2014900,7,0,Camera Functioning,Knee height,,Parallel,None,,Dry Dipterocarp Forest,0,Huai Kha Khaeng Wildlife Sanctuary,,,,,None,false,false
2004312,d5e61f05-77e8-4b18-84b7-2824363be397,100.9,14.7,2009-11-02 00:00:00,2009-11-30 00:00:00,None,,None,,2014846,12,0,Unknown Failure,Knee height,,Parallel,None,None,None,999,Ta Phraya National Park,,,,,None,true,false
2004312,2be2ea8f-424e-4f78-b4fb-330b7d459f56,100.9,14.7,2011-02-13 00:00:00,2011-03-16 00:00:00,None,,None,,2014870,2,0,Camera Functioning,Knee height,,Parallel,None,,Mixed Deciduous Forest,0,Huai Kha Khaeng Wildlife Sanctuary,,,,,None,true,false
2004312,b20fbd50-8f4b-439e-8c5f-267ba61de0c8,100.9,14.7,2011-02-10 00:00:00,2011-03-16 00:00:00,None,,None,,2014841,23,0,Camera Functioning,Knee height,,Parallel,None,,Mixed Deciduous Forest,0,Huai Kha Khaeng Wildlife Sanctuary,,,,,None,true,false
2004312,b09258c0-91c3-4b96-9849-669d208f8b6e,100.9,14.7,2009-11-02 00:00:00,2009-11-30 00:00:00,None,,None,,2014883,16,0,Camera Functioning,Knee height,,Parallel,None,None,None,999,Ta Phraya National Park,,,,,None,true,false
2004312,TP31_d16537,102.73458,14.14451,2009-12-06 00:00:00,2009-12-23 00:00:00,None,,None,,2014867,17,0,Camera Functioning,Knee height,,Parallel,None,None,None,999,Ta Phraya National Park,,,,,None,false,false
2004312,e572dc02-2d94-4a3f-83a7-1528144b00b9,100.9,14.7,2011-02-10 00:00:00,2011-03-16 00:00:00,None,,None,,2014875,13,0,Camera Functioning,Knee height,,Parallel,None,,Mixed Deciduous Forest,0,Huai Kha Khaeng Wildlife Sanctuary,,,,,None,true,false
2004312,1d3ca587-4f28-4543-8b01-8a7071a5870d,100.9,14.7,2009-11-16 00:00:00,2009-12-12 00:00:00,None,,None,,2014846,12,0,Camera Functioning,Knee height,,Parallel,None,None,None,999,Ta Phraya National Park,,,,,None,true,false
2004312,TP3_d16509,102.52406,14.13338,2009-11-16 00:00:00,2009-12-16 00:00:00,None,,None,,2014869,8,0,Camera Functioning,Knee height,,Parallel,None,None,None,999,Ta Phraya National Park,,,,,None,false,false
2004312,TP24_d16530,102.56923,14.07581,2009-10-31 00:00:00,2009-11-28 00:00:00,None,,None,,2014865,6,0,Camera Functioning,Knee height,,Parallel,None,None,None,999,Ta Phraya National Park,,,,,None,false,false
2004312,TP62_d16654,102.88345,14.23203,2010-01-12 00:00:00,2010-02-12 00:00:00,None,,None,,2014805,5,0,Camera Functioning,Knee height,,Parallel,None,None,None,999,Ta Phraya National Park,,,,,None,false,false
2004312,5ab1d635-e4c2-4920-b0ce-1358ab15414f,100.9,14.7,2011-02-13 00:00:00,2011-03-15 00:00:00,None,,None,,2014867,17,0,Camera Functioning,Knee height,,Parallel,None,,Mixed Deciduous Forest,0,Huai Kha Khaeng Wildlife Sanctuary,,,,,None,true,false
2004312,db0280d7-b45e-4bc8-a541-c422dec9fe5b,100.9,14.7,2012-03-13 00:00:00,2012-04-20 00:00:00,None,,None,,2014869,8,0,Camera Functioning,Knee height,,Parallel,None,None,None,999,Don Yai Wildlife Sanctuary,,,,,None,true,false
2004312,f925f639-e1f2-4a11-aea8-192010ded55e,100.9,14.7,2009-11-02 00:00:00,2009-11-29 00:00:00,None,,None,,2014802,18,0,Camera Functioning,Knee height,,Parallel,None,None,None,999,Ta Phraya National Park,,,,,None,true,false
2004312,TP30_d16536,102.72597,14.15016,2009-12-06 00:00:00,2010-01-06 00:00:00,None,,None,,2014865,6,0,Camera Functioning,Knee height,,Parallel,None,None,None,999,Ta Phraya National Park,,,,,None,false,false
2004312,TP36_d16542,102.76282,14.16861,2009-12-06 00:00:00,2010-01-05 00:00:00,None,,None,,2014873,1,0,Camera Functioning,Knee height,,Parallel,None,None,None,999,Ta Phraya National Park,,,,,None,false,false
2004312,TP52_d16644,102.8665,14.21115,2010-01-12 00:00:00,2010-02-11 00:00:00,None,,None,,2014864,10,0,Camera Functioning,Knee height,,Parallel,None,None,None,999,Ta Phraya National Park,,,,,None,false,false
2004312,TP79_d16671,102.64311,14.14017,2011-12-18 00:00:00,2012-01-16 00:00:00,None,,None,,2014867,17,0,Camera Functioning,Knee height,,Parallel,None,None,None,999,Ta Phraya National Park,,,,,None,false,false
2004312,903945eb-6704-451b-a71f-7f878341d74c,100.9,14.7,2010-11-07 00:00:00,2010-12-06 00:00:00,None,,None,,2014859,33,0,Camera Functioning,Knee height,,Parallel,None,None,None,999,Huai Kha Khaeng Wildlife Sanctuary,,,,,None,true,false
2004312,3ddc5451-e38a-4a93-8468-2b0d2a57a33e,100.9,14.7,2009-11-03 00:00:00,2009-11-25 00:00:00,None,,None,,2014870,2,0,Camera Functioning,Knee height,,Parallel,None,None,None,999,Ta Phraya National Park,,,,,None,true,false
2004312,TP13_d16519,102.59621,14.13022,2009-11-02 00:00:00,2009-11-29 00:00:00,None,,None,,2014845,28,0,Camera Functioning,Knee height,,Parallel,None,None,None,999,Ta Phraya National Park,,,,,None,false,false
2004312,TP35_d16541,102.76248,14.1515,2009-12-06 00:00:00,2009-12-30 00:00:00,None,,None,,2014882,3,0,Camera Functioning,Knee height,,Parallel,None,None,None,999,Ta Phraya National Park,,,,,None,false,false
2004312,TP50_d16616,102.83377,14.25055,2009-12-07 00:00:00,2010-01-02 00:00:00,None,,None,,2014808,20,0,Camera Functioning,Knee height,,Parallel,None,None,None,999,Ta Phraya National Park,,,,,None,false,false
2004312,c04505c0-a2f2-47ea-9f21-f3556dcc1839,100.9,14.7,2010-10-24 00:00:00,2010-12-06 00:00:00,None,,None,,2014804,15,0,Camera Functioning,Knee height,,Parallel,None,None,None,999,Huai Kha Khaeng Wildlife Sanctuary,,,,,None,true,false
2004312,TP38_d16544,102.7721,14.14131,2009-12-07 00:00:00,2010-01-05 00:00:00,None,,None,,2014852,27,0,Camera Functioning,Knee height,,Parallel,None,None,None,999,Ta Phraya National Park,,,,,None,false,false
2004312,TP27_d16533,102.69809,14.14107,2009-12-20 00:00:00,2010-01-02 00:00:00,None,,None,,2014845,28,0,Camera Functioning,Knee height,,Parallel,None,None,None,999,Ta Phraya National Park,,,,,None,false,false
2004312,9747d382-8f48-43c4-8b3f-8b02f7296543,100.9,14.7,2012-03-13 00:00:00,2012-04-19 00:00:00,None,,None,,2014900,7,0,Camera Functioning,Knee height,,Parallel,None,None,None,999,Don Yai Wildlife Sanctuary,,,,,None,true,false
2004312,TP21_d16527,102.63295,14.08152,2009-11-03 00:00:00,2009-11-25 00:00:00,None,,None,,2014851,24,0,Camera Functioning,Knee height,,Parallel,None,None,None,999,Ta Phraya National Park,,,,,None,false,false
2004312,TP16_d16522,102.62836,14.12011,2009-10-28 00:00:00,2009-11-29 00:00:00,None,,None,,2014875,13,0,Camera Functioning,Knee height,,Parallel,None,None,None,999,Ta Phraya National Park,,,,,None,false,false
2004312,8bd6439d-97d9-4d91-b195-d88129e301df,100.9,14.7,2009-11-02 00:00:00,2009-11-29 00:00:00,None,,None,,2014841,23,0,Camera Functioning,Knee height,,Parallel,None,None,None,999,Ta Phraya National Park,,,,,None,true,false
2004312,TP45_d16611,102.816,14.21022,2009-12-08 00:00:00,2009-12-23 00:00:00,None,,None,,2014850,22,0,Camera Functioning,Knee height,,Parallel,None,None,None,999,Ta Phraya National Park,,,,,None,false,false
2004312,TP68_d16660,102.57587,14.1,2011-12-25 00:00:00,2012-01-18 00:00:00,None,,None,,2014807,25,0,Camera Functioning,Knee height,,Parallel,None,None,None,999,Ta Phraya National Park,,,,,None,false,false
2004312,f558f9aa-14c3-4812-aa5b-4e0584f6c95b,100.9,14.7,2011-02-13 00:00:00,2011-03-15 00:00:00,None,,None,,2014885,32,0,Camera Functioning,Knee height,,Parallel,None,,Dry Dipterocarp Forest,999,Huai Kha Khaeng Wildlife Sanctuary,,,,,None,true,false
2004312,TP54_d16646,102.85464,14.21473,2010-01-12 00:00:00,2010-02-09 00:00:00,None,,None,,2014880,21,0,Camera Functioning,Knee height,,Parallel,None,None,None,999,Ta Phraya National Park,,,,,None,false,false
2004312,TP71_d16663,102.57292,14.10916,2011-12-19 00:00:00,2012-01-18 00:00:00,None,,None,,2014880,21,0,Camera Functioning,Knee height,,Parallel,None,None,None,999,Ta Phraya National Park,,,,,None,false,false
2004312,TP60_d16652,102.57009,14.09332,2009-11-02 00:00:00,2009-11-29 00:00:00,None,,None,,2014807,25,0,Camera Functioning,Knee height,,Parallel,None,None,None,999,Ta Phraya National Park,,,,,None,false,false
2004312,TP65_d16657,102.56563,14.08179,2011-12-18 00:00:00,2012-01-12 00:00:00,None,,None,,2014846,12,0,Camera Functioning,Knee height,,Parallel,None,None,None,999,Ta Phraya National Park,,,,,None,false,false
2004312,TP102_d16694,102.51259,14.12048,2012-01-18 00:00:00,2012-02-14 00:00:00,None,,None,,2014895,26,0,Camera Functioning,Knee height,,Parallel,None,None,None,999,Ta Phraya National Park,,,,,None,false,false
2004312,1d3be811-bd2e-4ca3-8172-31ee7fe0eb3e,100.9,14.7,2011-01-30 00:00:00,2011-02-07 00:00:00,None,,None,,2014807,25,0,Camera Functioning,Knee height,,Parallel,None,,Mixed Deciduous Forest,999,Huai Kha Khaeng Wildlife Sanctuary,,,,,,true,false
2004312,TP64_d16656,102.55382,14.08245,2011-12-18 00:00:00,2012-01-06 00:00:00,None,,None,,2014877,30,0,Camera Functioning,Knee height,,Parallel,None,None,None,999,Ta Phraya National Park,,,,,None,false,false
2004312,TP61_d16653,102.87457,14.15001,2010-01-27 00:00:00,2010-02-03 00:00:00,None,,None,,2014802,18,0,Camera Functioning,Knee height,,Parallel,None,None,None,999,Ta Phraya National Park,,,,,None,false,false
2004312,TP92_d16684,102.6502,14.15849,2012-01-16 00:00:00,2012-02-17 00:00:00,None,,None,,2014867,17,0,Camera Functioning,Knee height,,Parallel,None,None,None,999,Ta Phraya National Park,,,,,None,false,false
2004312,956f57ba-4bc1-4ba7-a999-889d47eb2123,100.9,14.7,2010-11-07 00:00:00,2010-12-05 00:00:00,None,,None,,2014848,31,0,Camera Functioning,Knee height,,Parallel,None,None,None,999,Huai Kha Khaeng Wildlife Sanctuary,,,,,None,true,false
2004312,1c1f865b-ff41-4ae7-9fed-60feb4e8e4fc,100.9,14.7,2010-11-08 00:00:00,2010-12-08 00:00:00,None,,None,,2014877,30,0,Camera Functioning,Knee height,,Parallel,None,None,None,999,Huai Kha Khaeng Wildlife Sanctuary,,,,,None,true,false
2004312,5b3666b3-8756-492c-ba91-11662bdde313,100.9,14.7,2010-11-09 00:00:00,2010-12-07 00:00:00,None,,None,,2014849,19,0,Camera Functioning,Knee height,,Parallel,None,None,None,999,Huai Kha Khaeng Wildlife Sanctuary,,,,,None,true,false
2004312,3b7d988d-441c-47bc-a45a-7ce97f73ae1c,100.9,14.7,2011-02-13 00:00:00,2011-03-16 00:00:00,None,,None,,2049092,Cam 6,0,Camera Functioning,Knee height,,Parallel,None,,Mixed Deciduous Forest,999,Huai Kha Khaeng Wildlife Sanctuary,,,,,None,true,false
2004312,3420007a-5514-4d35-b285-3056e4138de7,100.9,14.7,2010-11-12 00:00:00,2010-12-05 00:00:00,None,,None,,2014852,27,0,Camera Functioning,Knee height,,Parallel,None,None,None,999,Huai Kha Khaeng Wildlife Sanctuary,,,,,None,true,false
2004312,6b65a197-bf17-41a3-8cc3-8cdb5122a9d3,100.9,14.7,2011-02-13 00:00:00,2011-03-15 00:00:00,None,,None,,2049091,-,0,Camera Functioning,Knee height,,Parallel,None,,Mixed Deciduous Forest,999,Huai Kha Khaeng Wildlife Sanctuary,,,,,None,true,false
2003868,47933cf0-fa63-4053-bf60-5ab3c1f580cc,99.2,15.6,2017-03-22 00:00:00,2017-06-04 00:00:00,None,,None,,2032406,214,0,Camera Functioning,Knee height,,Parallel,None,None,None,0,HKK ForestGEO Subproject,,,,,None,true,false
2003868,62a75344-8dc5-41b1-a339-8970c8884a8a,99.2,15.6,2017-08-04 00:00:00,2017-09-14 00:00:00,None,,None,,2031773,201,0,Camera Functioning,Knee height,,Parallel,None,None,None,0,HKK ForestGEO Subproject,,,,,None,true,false
2003868,CT-HKK-1-33_d39144,99.21983,15.63168,2017-08-04 00:00:00,2017-09-05 00:00:00,None,,None,,2032394,202,0,Camera Functioning,Knee height,,Parallel,None,None,None,0,HKK ForestGEO Subproject,,,,,None,false,false
2003868,e017f686-ec41-46e9-97f3-a21aa8607bb0,99.2,15.6,2017-11-05 00:00:00,2017-11-14 00:00:00,None,,None,,2032406,214,0,Camera Functioning,Knee height,,Parallel,None,None,None,0,HKK ForestGEO Subproject,,,,,None,true,false
2003868,8ac4f053-df27-4e90-87c2-88d154411779,99.2,15.6,2017-06-04 00:00:00,2017-08-03 00:00:00,None,,None,,2032396,213,0,Camera Functioning,Knee height,,Parallel,None,None,None,0,HKK ForestGEO Subproject,,,,,None,true,false
2003868,106eee3e-b255-4341-9456-e686bbc68a94,99.2,15.6,2017-08-04 00:00:00,2017-10-17 00:00:00,None,,None,,2032417,208,0,Camera Functioning,Knee height,,Parallel,None,None,None,0,HKK ForestGEO Subproject,,,,,None,true,false
2003868,CT-HKK-1-44_d39155,99.22111,15.63423,2017-11-05 00:00:00,2017-11-10 00:00:00,None,,None,,2032421,207,0,Camera Functioning,Knee height,,Parallel,None,None,None,0,HKK ForestGEO Subproject,,,,,None,false,false
2003868,a9104fbd-eb86-4cf7-b6dc-538566cba7a4,99.2,15.6,2017-08-04 00:00:00,2017-09-15 00:00:00,None,,None,,2032403,203,0,Camera Functioning,Knee height,,Parallel,None,None,None,0,HKK ForestGEO Subproject,,,,,None,true,false
2003868,d653af95-ec9f-4847-87e1-1819d0c23ccd,99.2,15.6,2017-11-05 00:00:00,2017-11-27 00:00:00,None,,None,,2032399,204,0,Camera Functioning,Knee height,,Parallel,None,None,None,0,HKK ForestGEO Subproject,,,,,None,true,false
2003868,6eafb9d6-ec61-49a7-8462-b626d6b9f4a6,99.2,15.6,2017-08-04 00:00:00,2017-11-04 00:00:00,None,,None,,2032399,204,0,Camera Functioning,Knee height,,Parallel,None,None,None,0,HKK ForestGEO Subproject,,,,,None,true,false
2003868,a5329e01-e3b3-4ac7-b5f9-a8acab8a09ae,99.2,15.6,2017-03-22 00:00:00,2017-06-04 00:00:00,None,,None,,2032405,210,0,Camera Functioning,Knee height,,Parallel,None,None,None,0,HKK ForestGEO Subproject,,,,,None,true,false
2003868,f4b92fb1-1d93-4761-b292-e425f2a637a6,99.2,15.6,2017-06-04 00:00:00,2017-08-04 00:00:00,None,,None,,2032412,212,0,Camera Functioning,Knee height,,Parallel,None,None,None,0,HKK ForestGEO Subproject,,,,,None,true,false
2003868,d42f1e55-2de9-4b92-a5c6-fdf5b3fa3e7c,99.2,15.6,2017-08-04 00:00:00,2017-10-02 00:00:00,None,,None,,2032405,210,0,Camera Functioning,Knee height,,Parallel,None,None,None,0,HKK ForestGEO Subproject,,,,,None,true,false
2003868,30b53e99-6ce1-43ea-bc0c-5b2ae72e6b39,99.2,15.6,2017-11-05 00:00:00,2017-11-12 00:00:00,None,,None,,2032417,208,0,Camera Functioning,Knee height,,Parallel,None,None,None,0,HKK ForestGEO Subproject,,,,,None,true,false
2003868,246847fe-9b28-4cdb-847c-39a325de6739,99.2,15.6,2017-03-22 00:00:00,2017-06-04 00:00:00,None,,None,,2032405,210,0,Camera Functioning,Knee height,,Parallel,None,None,None,0,HKK ForestGEO Subproject,,,,,None,true,false
2003868,95736a1e-5bc6-4f39-b600-21fbf759b33a,99.2,15.6,2017-03-22 00:00:00,2017-06-04 00:00:00,None,,None,,2032413,209,0,Camera Functioning,Knee height,,Parallel,None,None,None,0,HKK ForestGEO Subproject,,,,,None,true,false
2003868,CT-HKK-1-19_d39130,99.22117,15.6279,2017-08-04 00:00:00,2017-08-10 00:00:00,None,,None,,2032412,212,0,Camera Functioning,Knee height,,Parallel,None,None,None,0,HKK ForestGEO Subproject,,,,,None,false,false
2003868,775672ce-e0e6-4027-bf4c-68290f5032d3,99.2,15.6,2017-10-20 00:00:00,2017-10-25 00:00:00,None,,None,,2032403,203,0,Camera Functioning,Knee height,,Parallel,None,None,None,0,HKK ForestGEO Subproject,,,,,None,true,false
2003868,9ce6932c-4608-4b7c-8e95-6cb3b8bd2916,99.2,15.6,2017-06-04 00:00:00,2017-08-03 00:00:00,None,,None,,2032413,209,0,Camera Functioning,Knee height,,Parallel,None,None,None,0,HKK ForestGEO Subproject,,,,,None,true,false
2003868,bfa15ada-c480-4682-a204-914a6835a53e,99.2,15.6,2017-06-04 00:00:00,2017-08-03 00:00:00,None,,None,,2032417,208,0,Camera Functioning,Knee height,,Parallel,None,None,None,0,HKK ForestGEO Subproject,,,,,None,true,false
2003868,5a1f3701-c631-4f4b-a5fa-48bea7e56f1f,99.2,15.6,2017-08-04 00:00:00,2017-11-04 00:00:00,None,,None,,2032421,207,0,Camera Functioning,Knee height,,Parallel,None,None,None,0,HKK ForestGEO Subproject,,,,,None,true,false
2003868,e53fbd31-83a0-4f48-bed4-23a0a426b64b,99.2,15.6,2017-06-04 00:00:00,2017-07-13 00:00:00,None,,None,,2032405,210,0,Camera Functioning,Knee height,,Parallel,None,None,None,0,HKK ForestGEO Subproject,,,,,None,true,false
2003868,63e6b4c0-580a-4a3c-ab3d-035cf9f10536,99.2,15.6,2017-03-22 00:00:00,2017-06-03 00:00:00,None,,None,,2032408,205,0,Camera Functioning,Knee height,,Parallel,None,None,None,0,HKK ForestGEO Subproject,,,,,None,true,false
2003868,74a7b3d0-9b88-4523-8724-559b06e1d594,99.2,15.6,2017-03-22 00:00:00,2017-06-03 00:00:00,None,,None,,2032400,206,0,Camera Functioning,Knee height,,Parallel,None,None,None,0,HKK ForestGEO Subproject,,,,,None,true,false
2003868,1da43f54-dbc8-4019-b643-3f6c78e5a4ea,99.2,15.6,2017-03-22 00:00:00,2017-06-03 00:00:00,None,,None,,2032421,207,0,Camera Functioning,Knee height,,Parallel,None,None,None,0,HKK ForestGEO Subproject,,,,,None,true,false
2003868,9eea9346-7394-4932-b68e-b59a21909dfc,99.2,15.6,2017-08-04 00:00:00,2017-10-06 00:00:00,None,,None,,2032396,213,0,Camera Functioning,Knee height,,Parallel,None,None,None,0,HKK ForestGEO Subproject,,,,,None,true,false
2003868,f9148830-56f6-4a4b-a3c9-5981317da37c,99.2,15.6,2017-03-02 00:00:00,2017-06-03 00:00:00,None,,None,,2032394,202,0,Camera Functioning,Knee height,,Parallel,None,None,None,0,HKK ForestGEO Subproject,,,,,None,true,false
2003868,eff97eac-890b-475c-ba3a-7ee748787e34,99.2,15.6,2017-08-04 00:00:00,2017-11-05 00:00:00,None,,None,,2032399,204,0,Camera Functioning,Knee height,,Parallel,None,None,None,0,HKK ForestGEO Subproject,,,,,None,true,false
2003868,43fb9e89-a504-4972-ab28-e9cb41ead588,99.2,15.6,2017-08-04 00:00:00,2017-11-05 00:00:00,None,,None,,2032400,206,0,Camera Functioning,Knee height,,Parallel,None,None,None,0,HKK ForestGEO Subproject,,,,,None,true,false
2003868,625bf45a-fc8a-4c6c-8d54-27fa5ef37c49,99.2,15.6,2017-03-22 00:00:00,2017-06-04 00:00:00,None,,None,,2032401,215,0,Camera Functioning,Knee height,,Parallel,None,None,None,0,HKK ForestGEO Subproject,,,,,None,true,false
2003868,CT-HKK-1-05_d39116,99.22251,15.62411,2017-06-04 00:00:00,2017-06-21 00:00:00,None,,None,,2032403,203,0,Camera Functioning,Knee height,,Parallel,None,None,None,0,HKK ForestGEO Subproject,,,,,None,false,false
2003868,6a541f67-905e-4b0a-8c5e-283d726cf101,99.2,15.6,2017-08-04 00:00:00,2017-10-23 00:00:00,None,,None,,2032408,205,0,Camera Functioning,Knee height,,Parallel,None,None,None,0,HKK ForestGEO Subproject,,,,,None,true,false
2003868,07b6db9a-a861-47a2-97d8-a3d8f12658eb,99.2,15.6,2017-03-22 00:00:00,2017-06-04 00:00:00,None,,None,,2032396,213,0,Camera Functioning,Knee height,,Parallel,None,None,None,0,HKK ForestGEO Subproject,,,,,None,true,false
2003868,1721c76d-1e7a-4b2a-acb0-dc27606b9e2f,99.2,15.6,2017-11-05 00:00:00,2017-11-13 00:00:00,None,,None,,2032408,205,0,Camera Functioning,Knee height,,Parallel,None,None,None,0,HKK ForestGEO Subproject,,,,,None,true,false
2003868,c54128f6-c785-4448-9970-d299e1aba01b,99.2,15.6,2017-03-22 00:00:00,2017-06-04 00:00:00,None,,None,,2031773,201,0,Camera Functioning,Knee height,,Parallel,None,None,None,0,HKK ForestGEO Subproject,,,,,None,true,false
2003868,52cccc1b-de8d-40f9-93e5-aa36dcd3cf30,99.2,15.6,2017-06-04 00:00:00,2017-08-04 00:00:00,None,,None,,2032406,214,0,Camera Functioning,Knee height,,Parallel,None,None,None,0,HKK ForestGEO Subproject,,,,,None,true,false
2003868,e18f8937-8591-4884-bac5-774ac6eb571c,99.2,15.6,2017-11-05 00:00:00,2017-12-24 00:00:00,None,,None,,2032400,206,0,Camera Functioning,Knee height,,Parallel,None,None,None,0,HKK ForestGEO Subproject,,,,,None,true,false
2003868,b199ee7e-1ba5-47ef-9881-e42f7312afd6,99.2,15.6,2017-08-04 00:00:00,2017-10-17 00:00:00,None,,None,,2032406,214,0,Camera Functioning,Knee height,,Parallel,None,None,None,0,HKK ForestGEO Subproject,,,,,None,true,false
2003868,d0d8a0d0-b112-4ea0-98ed-abc797eb7abc,99.2,15.6,2017-03-22 00:00:00,2017-06-04 00:00:00,None,,None,,2032412,212,0,Camera Functioning,Knee height,,Parallel,None,None,None,0,HKK ForestGEO Subproject,,,,,None,true,false
2003868,5cb96576-918f-4fb9-8d87-cf69dfc16b0e,99.2,15.6,2017-03-22 00:00:00,2017-06-03 00:00:00,None,,None,,2032399,204,0,Camera Functioning,Knee height,,Parallel,None,None,None,0,HKK ForestGEO Subproject,,,,,None,true,false
2003868,19f13269-f79b-4885-b73c-026796d4b725,99.2,15.6,2017-06-04 00:00:00,2017-08-03 00:00:00,None,,None,,2031773,201,0,Camera Functioning,Knee height,,Parallel,None,None,None,0,HKK ForestGEO Subproject,,,,,None,true,false
2003868,e0730f92-ee79-4279-b438-d08b5fe3237c,99.2,15.6,2017-06-04 00:00:00,2017-08-03 00:00:00,None,,None,,2032421,207,0,Camera Functioning,Knee height,,Parallel,None,None,None,0,HKK ForestGEO Subproject,,,,,None,true,false
2003868,61c3fd34-91f3-4a12-8136-62c9c4600d1e,99.2,15.6,2017-06-04 00:00:00,2017-08-03 00:00:00,None,,None,,2032394,202,0,Camera Functioning,Knee height,,Parallel,None,None,None,0,HKK ForestGEO Subproject,,,,,None,true,false
2003868,c96cf228-b8ad-4d49-a0c2-5dfe5043eb25,99.2,15.6,2017-06-04 00:00:00,2017-08-03 00:00:00,None,,None,,2032399,204,0,Camera Functioning,Knee height,,Parallel,None,None,None,0,HKK ForestGEO Subproject,,,,,None,true,false
2003868,c13fbd2f-ee7a-48a4-a1b5-cbda2dde9dc2,99.2,15.6,2017-06-04 00:00:00,2017-08-03 00:00:00,None,,None,,2032408,205,0,Camera Functioning,Knee height,,Parallel,None,None,None,0,HKK ForestGEO Subproject,,,,,None,true,false
2008910,88fd1360-8f57-4cb2-9de6-b5c68c2d874b,99.2,13.5,2023-08-01 00:00:00,2024-01-01 00:00:00,None,,Water source,,2129519,DTL_80_test,0,Camera Functioning,Chest height,,Parallel,,,,20,,,,,,,true,false
2008910,DTL_79,99.205222,13.536573,2024-01-17 00:00:00,2024-10-10 00:00:00,None,,Water source,,2129520,DTL_79,0,Camera Functioning,Knee height,,Parallel,,,,20,,,,,,,false,false
2004585,b449b455-350d-4b5f-bc8c-6475fae1d438,100.2,14.3,2017-02-19 00:00:00,2017-02-20 00:00:00,None,,None,,2014804,15,0,Camera Functioning,Knee height,,Parallel,None,None,None,5,KYNP_Dholes,,,,,None,true,false
2004585,20ce50d7-54cf-4e9f-9501-a5f21ffc2bbf,100.2,14.3,2017-01-31 00:00:00,2017-02-08 00:00:00,None,,None,,2014887,11,0,Camera Functioning,Knee height,,Parallel,None,None,None,5,KYNP_Dholes,,,,,None,true,false
2004585,9adbfc42-9003-4358-8e6f-9ca41ad4cdca,100.2,14.3,2017-02-01 00:00:00,2017-02-08 00:00:00,None,,None,,2014864,10,0,Camera Functioning,Knee height,,Parallel,None,None,None,5,KYNP_Dholes,,,,,None,true,false
2004585,5539fd5e-108c-4cfc-9377-4f2e2b861956,100.2,14.3,2017-02-09 00:00:00,2017-02-19 00:00:00,None,,None,,2014802,18,0,Camera Functioning,Knee height,,Parallel,None,None,None,5,KYNP_Dholes,,,,,None,true,false
2004585,df6081f3-223c-4cd1-b28c-48cbae4b53a2,100.2,14.3,2017-02-09 00:00:00,2017-02-19 00:00:00,None,,None,,2014867,17,0,Camera Functioning,Knee height,,Parallel,None,None,None,5,KYNP_Dholes,,,,,None,true,false
2004585,8679e436-737b-4c91-8ae6-1f6d3651d76f,100.2,14.3,2017-02-19 00:00:00,2017-02-20 00:00:00,None,,None,,2014900,7,0,Camera Functioning,Knee height,,Parallel,None,None,None,5,KYNP_Dholes,,,,,None,true,false
2004585,59d57211-9616-408c-b45e-b2d4e546a7f7,100.2,14.3,2017-01-28 00:00:00,2017-02-04 00:00:00,None,,None,,2014841,23,0,Camera Functioning,Knee height,,Parallel,None,None,None,5,KYNP_Dholes,,,,,None,true,false
2004585,fe0e64b8-0fe7-4e99-9214-e342c58e273a,100.2,14.3,2017-01-28 00:00:00,2017-02-18 00:00:00,None,,None,,2014851,24,0,Camera Functioning,Knee height,,Parallel,None,None,None,5,KYNP_Dholes,,,,,None,true,false
2004585,SWS_D07_d45927,99.25912,14.41479,2015-02-02 00:00:00,2015-03-24 00:00:00,None,,None,,2014846,12,0,Camera Functioning,Knee height,,Parallel,None,None,None,0,Salakpra Wildlife Sanctuary Subproject,,,,,None,false,false
2004585,8d41ea0a-7919-4378-b905-32b21a444d85,100.2,14.3,2015-04-09 00:00:00,2015-05-27 00:00:00,None,,None,,2056759,Dholes3_7,0,Camera Functioning,Knee height,,Parallel,None,None,None,0,Salakpra Wildlife Sanctuary Subproject,,,,,None,true,false
2004585,4a79ca3c-1c73-49ca-8949-4aa9e8dc5493,100.2,14.3,2015-04-09 00:00:00,2015-05-27 00:00:00,None,,None,,2056762,Dholes2_6,0,Camera Functioning,Knee height,,Parallel,None,None,None,0,Salakpra Wildlife Sanctuary Subproject,,,,,None,true,false
2004585,d9d655eb-1480-499e-af53-70429dc3e9f1,100.2,14.3,2015-03-15 00:00:00,2015-05-27 00:00:00,None,,None,,2014873,1,0,Camera Functioning,Knee height,,Parallel,None,None,None,0,Salakpra Wildlife Sanctuary Subproject,,,,,None,true,false
2004585,4184d7f2-4c65-48c3-9b44-5d392b41be74,100.2,14.3,2017-02-20 00:00:00,2017-03-03 00:00:00,None,,None,,2014803,4,0,Camera Functioning,Knee height,,Parallel,None,None,None,5,KYNP_Dholes,,,,,None,true,false
2004585,Nong Phak Chi3_d31782,101.38823,14.48787,2017-02-01 00:00:00,2017-02-08 00:00:00,None,,None,,2014875,13,0,Camera Functioning,Knee height,,Parallel,None,None,None,5,KYNP_Dholes,,,,,None,false,false
2004585,7605ff80-4301-4728-9ab2-43777e8de789,100.2,14.3,2015-02-13 00:00:00,2015-03-24 00:00:00,None,,None,,2056757,Dholes1_9,0,Camera Functioning,Knee height,,Parallel,None,None,None,0,Salakpra Wildlife Sanctuary Subproject,,,,,None,true,false
2004585,a0225d71-7446-4863-b1cb-009a08468f7e,100.2,14.3,2015-04-09 00:00:00,2015-05-27 00:00:00,None,,None,,2056760,Dholes3_4,0,Camera Functioning,Knee height,,Parallel,None,None,None,0,Salakpra Wildlife Sanctuary Subproject,,,,,None,true,false
2004585,ed39a522-217b-4ab4-95ac-adffd418cab2,100.2,14.3,2013-01-01 00:00:00,2017-02-19 00:00:00,None,,None,,2014863,9,0,Camera Functioning,Knee height,,Parallel,None,None,None,5,KYNP_Dholes,,,,,None,true,false
2004585,Thung Kwang1_d31788,101.37026,14.41683,2017-01-29 00:00:00,2017-01-31 00:00:00,None,,None,,2014883,16,0,Camera Functioning,Knee height,,Parallel,None,None,None,5,KYNP_Dholes,,,,,None,false,false
2004585,a6c9155a-2dec-4fe6-90e5-c213ac1efd7f,100.2,14.3,2017-02-09 00:00:00,2017-02-19 00:00:00,None,,None,,2014880,21,0,Camera Functioning,Knee height,,Parallel,None,None,None,5,KYNP_Dholes,,,,,None,true,false
2004585,975535cd-5bf8-48f4-8595-726a1354307a,100.2,14.3,2015-02-15 00:00:00,2015-03-10 00:00:00,None,,None,,2056756,Dholes1_1,0,Camera Functioning,Knee height,,Parallel,None,None,None,0,Salakpra Wildlife Sanctuary Subproject,,,,,None,true,false
2004585,a01a79ea-ca6d-47ee-9428-c6abdcb5bad9,100.2,14.3,2015-03-15 00:00:00,2015-05-26 00:00:00,None,,None,,2014864,10,0,Camera Functioning,Knee height,,Parallel,None,None,None,0,Salakpra Wildlife Sanctuary Subproject,,,,,None,true,false
2004585,Nong Phak Chi2_d31781,101.35919,14.45573,2017-02-01 00:00:00,2017-02-08 00:00:00,None,,None,,2014846,12,0,Camera Functioning,Knee height,,Parallel,None,None,None,5,KYNP_Dholes,,,,,None,false,false
2004585,21c38b03-4de8-4b1c-99f4-3b4098b6235f,100.2,14.3,2015-02-02 00:00:00,2015-03-24 00:00:00,None,,None,,2014900,7,0,Camera Functioning,Knee height,,Parallel,None,None,None,0,Salakpra Wildlife Sanctuary Subproject,,,,,None,true,false
2004585,4453510c-6322-43c5-9092-dea777536aff,100.2,14.3,2015-04-09 00:00:00,2015-05-26 00:00:00,None,,None,,2056764,Dholes3_5,0,Camera Functioning,Knee height,,Parallel,None,None,None,0,Salakpra Wildlife Sanctuary Subproject,,,,,None,true,false
2004585,3657f9ca-47e7-4e23-8bf6-efb2ad0e4492,100.2,14.3,2017-01-28 00:00:00,2017-02-10 00:00:00,None,,None,,2014873,1,0,Camera Functioning,Knee height,,Parallel,None,,On Trail,5,KYNP_Dholes,,,,,None,true,false
2004585,088996c1-d54b-47d3-9d43-e82d09fd68aa,100.2,14.3,2017-02-01 00:00:00,2017-02-08 00:00:00,None,,None,,2014849,19,0,Camera Functioning,Knee height,,Parallel,None,None,None,5,KYNP_Dholes,,,,,None,true,false
2004585,Canteen1_d31773,101.3695,14.43835,2017-01-28 00:00:00,2017-02-01 00:00:00,None,,None,,2014882,3,0,Camera Functioning,Knee height,,Parallel,None,None,None,5,KYNP_Dholes,,,,,None,false,false
2004585,bdf26148-681d-415c-bd14-fb5d7699c28d,100.2,14.3,2015-02-01 00:00:00,2015-03-15 00:00:00,None,,None,,2014864,10,0,Camera Functioning,Knee height,,Parallel,None,None,None,0,Salakpra Wildlife Sanctuary Subproject,,,,,None,true,false
2004585,40fc5380-a7db-4bb9-be11-cec2aee1b668,100.2,14.3,2015-04-04 00:00:00,2015-05-27 00:00:00,None,,None,,2056763,Dholes2_5,0,Camera Functioning,Knee height,,Parallel,None,None,None,0,Salakpra Wildlife Sanctuary Subproject,,,,,None,true,false
2004585,c4f8526e-d326-4258-b32d-f053007f13f0,100.2,14.3,2015-04-09 00:00:00,2015-04-30 00:00:00,None,,None,,2056765,Dholes3_8,0,Camera Functioning,Knee height,,Parallel,None,None,None,0,Salakpra Wildlife Sanctuary Subproject,,,,,None,true,false
2004585,Sanam Golf2_d31786,101.38104,14.42705,2017-01-28 00:00:00,2017-01-31 00:00:00,None,,None,,2014858,14,0,Camera Functioning,Knee height,,Parallel,None,None,None,5,KYNP_Dholes,,,,,None,false,false
2004585,49a70ce0-3fbc-4078-983f-f2666d56e37e,100.2,14.3,2015-02-25 00:00:00,2015-03-09 00:00:00,None,,None,,2014882,3,0,Camera Functioning,Knee height,,Parallel,None,None,None,0,Salakpra Wildlife Sanctuary Subproject,,,,,None,true,false
2004585,0ebffc9c-9a19-48ae-a315-741941098b40,100.2,14.3,2015-04-07 00:00:00,2015-05-27 00:00:00,None,,None,,2014805,5,0,Camera Functioning,Knee height,,Parallel,None,None,None,0,Salakpra Wildlife Sanctuary Subproject,,,,,None,true,false
2004585,aada5f04-eaae-4563-903b-5bb701d62811,100.2,14.3,2017-02-09 00:00:00,2017-02-18 00:00:00,None,,None,,2014869,8,0,Camera Functioning,Knee height,,Parallel,None,None,None,5,KYNP_Dholes,,,,,None,true,false
2004585,700e6977-5bc5-4bd3-850b-a4e749bda124,100.2,14.3,2017-01-29 00:00:00,2017-01-31 00:00:00,None,,None,,2014850,22,0,Camera Functioning,Knee height,,Parallel,None,None,None,5,KYNP_Dholes,,,,,None,true,false
2004585,1e89ad0d-7d99-4c7d-a79a-4f374425a5ad,100.2,14.3,2015-04-30 00:00:00,2015-05-25 00:00:00,None,,None,,2056761,Dholes3_2,0,Camera Functioning,Knee height,,Parallel,None,None,None,0,Salakpra Wildlife Sanctuary Subproject,,,,,None,true,false
2004585,707a1796-fd9f-47c9-8064-7fae42126abc,100.2,14.3,2015-05-04 00:00:00,2015-05-24 00:00:00,None,,None,,2056766,Dholes3_1,0,Camera Functioning,Knee height,,Parallel,None,None,None,0,Salakpra Wildlife Sanctuary Subproject,,,,,None,true,false
2004585,1e3c9df2-7a43-4167-be75-2dd8e1e09a57,100.2,14.3,2017-01-28 00:00:00,2017-02-09 00:00:00,None,,None,,2014805,5,0,Camera Functioning,Knee height,,Parallel,None,None,None,5,KYNP_Dholes,,,,,None,true,false
2004585,a2be41b2-c29d-405a-b067-03dc8beb3fc4,100.2,14.3,2017-01-28 00:00:00,2017-02-18 00:00:00,None,,None,,2014807,25,0,Camera Functioning,Knee height,,Parallel,None,None,None,5,KYNP_Dholes,,,,,None,true,false
2004585,0c73c6eb-304b-4a7d-a18d-1fc04a5d22d5,100.2,14.3,2015-04-09 00:00:00,2015-05-17 00:00:00,None,,None,,2014882,3,0,Camera Functioning,Knee height,,Parallel,None,None,None,0,Salakpra Wildlife Sanctuary Subproject,,,,,None,true,false
2004585,f08b10dd-2a24-488e-ae40-308bd70efe69,100.2,14.3,2015-04-10 00:00:00,2015-05-27 00:00:00,None,,None,,2014846,12,0,Camera Functioning,Knee height,,Parallel,None,None,None,0,Salakpra Wildlife Sanctuary Subproject,,,,,None,true,false
2004585,165692a2-f13f-489e-a47a-a292d8e9be8f,100.2,14.3,2015-02-01 00:00:00,2015-03-15 00:00:00,None,,None,,2014873,1,0,Camera Functioning,Knee height,,Parallel,None,None,None,0,Salakpra Wildlife Sanctuary Subproject,,,,,None,true,false
2004585,3c60a05e-b7b7-47b7-aa5a-219dc7f8881d,100.2,14.3,2015-02-04 00:00:00,2015-02-08 00:00:00,None,,None,,2056758,Dholes3_6,0,Camera Functioning,Knee height,,Parallel,None,None,None,0,Salakpra Wildlife Sanctuary Subproject,,,,,None,true,false
2004585,de8cc82b-80dc-49d8-89dd-b1e46ca28dd1,100.2,14.3,2015-03-24 00:00:00,2015-05-25 00:00:00,None,,None,,2056767,Dholes3_3,0,Camera Functioning,Knee height,,Parallel,None,None,None,0,Salakpra Wildlife Sanctuary Subproject,,,,,None,true,false
2004585,64b8ce9a-4873-4fbe-8ecf-8bb28b80bbd8,100.2,14.3,2015-01-28 00:00:00,2015-03-24 00:00:00,None,,None,,2056755,Dholes1_3,0,Camera Functioning,Knee height,,Parallel,None,None,None,0,Salakpra Wildlife Sanctuary Subproject,,,,,None,true,false
2004585,8d68ed2e-47a9-47ec-9073-ef2ff363cce2,100.2,14.3,2015-03-24 00:00:00,2015-05-27 00:00:00,None,,None,,2014900,7,0,Camera Functioning,Knee height,,Parallel,None,None,None,0,Salakpra Wildlife Sanctuary Subproject,,,,,None,true,false